year,month,habitat,module,plot,trt,spp,percov,comments
2009,JUN,unveg,5,5C,C,TYPSPP,0.1,changed from TYPLAT to TYPSPP ck 23aug17
2009,JUN,unveg,5,5C,C,DET,5,
2009,JUN,unveg,5,5C,C,TRASH,2,
2009,JUN,unveg,5,5C,C,BARE,85,
2009,JUN,unveg,5,5X,X,DET,5,
2009,JUN,unveg,5,5X,X,BARE,95,
2009,JUN,unveg,6,6C,C,DET,5,
2009,JUN,unveg,6,6C,C,BARE,95,
2009,JUN,unveg,6,6X,X,DET,5,
2009,JUN,unveg,6,6X,X,BARE,95,
2009,JUN,unveg,9,9C,C,PERSPP,0.1,
2009,JUN,unveg,9,9C,C,DET,2,
2009,JUN,unveg,9,9C,C,BARE,98,
2009,JUN,unveg,9,9C,C,TRASH,0.5,
2009,JUN,unveg,9,9X,X,DET,1,
2009,JUN,unveg,9,9X,X,BARE,99,
2009,JUN,unveg,10,10C,C,DET,1,
2009,JUN,unveg,10,10C,C,BARE,99,
2009,JUN,unveg,10,10X,X,DET,1,
2009,JUN,unveg,10,10X,X,BARE,99,
2009,JUN,unveg,13,13C,C,PERSPP,0.5,
2009,JUN,unveg,13,13C,C,DET,3,
2009,JUN,unveg,13,13C,C,BARE,97,
2009,JUN,unveg,13,13X,X,DET,20,
2009,JUN,unveg,13,13X,X,PERSPP,0.5,
2009,JUN,unveg,13,13X,X,BARE,80,
2009,JUN,unveg,13,13X,X,TRASH,0.5,
2009,JUN,unveg,14,14C,C,PERSPP,1,
2009,JUN,unveg,14,14C,C,DET,2,
2009,JUN,unveg,14,14C,C,TRASH,0.5,
2009,JUN,unveg,14,14C,C,BARE,97,
2009,JUN,unveg,14,14X,X,PERSPP,0.5,
2009,JUN,unveg,14,14X,X,DET,8,
2009,JUN,unveg,14,14X,X,TRASH,4,
2009,JUN,unveg,14,14X,X,BARE,88,
2009,JUN,unveg,15,15C,C,PERSPP,4,
2009,JUN,unveg,15,15C,C,PELVIR,0.1,
2009,JUN,unveg,15,15C,C,UNKALT,0.5,
2009,JUN,unveg,15,15C,C,DET,0.5,
2009,JUN,unveg,15,15C,C,BARE,95,
2009,JUN,unveg,15,15X,X,UNKSDG,0.1,
2009,JUN,unveg,15,15X,X,DET,0.5,
2009,JUN,unveg,15,15X,X,BARE,99,
2009,JUN,unveg,16,16C,C,PERSPP,2,
2009,JUN,unveg,16,16C,C,DET,4,
2009,JUN,unveg,16,16C,C,BARE,96,
2009,JUN,unveg,16,16X,X,PERSPP,3,
2009,JUN,unveg,16,16X,X,DET,5,
2009,JUN,unveg,16,16X,X,TRASH,0.5,
2009,JUN,unveg,16,16X,X,BARE,98,
2009,AUG,unveg,5,5C,C,BARE,99,
2009,AUG,unveg,5,5C,C,DET,0.5,
2009,AUG,unveg,5,5C,C,TRASH,0.5,
2009,AUG,unveg,5,5X,X,BARE,100,
2009,AUG,unveg,5,5X,X,DET,0.5,
2009,AUG,unveg,6,6C,C,BARE,100,
2009,AUG,unveg,6,6C,C,DET,0.5,
2009,AUG,unveg,6,6X,X,BARE,100,
2009,AUG,unveg,6,6X,X,DET,0.5,
2009,AUG,unveg,9,9C,C,BARE,99,
2009,AUG,unveg,9,9C,C,DET,1,
2009,AUG,unveg,9,9X,X,BARE,100,
2009,AUG,unveg,9,9X,X,DET,0.1,
2009,AUG,unveg,10,10C,C,BARE,100,
2009,AUG,unveg,10,10C,C,DET,0.1,
2009,AUG,unveg,10,10X,X,BARE,100,
2009,AUG,unveg,10,10X,X,DET,0.1,
2009,AUG,unveg,13,13C,C,BARE,100,
2009,AUG,unveg,13,13C,C,DET,0.1,
2009,AUG,unveg,13,13C,C,PERHYD,0.1,
2009,AUG,unveg,13,13X,X,BARE,90,
2009,AUG,unveg,13,13X,X,DET,2,
2009,AUG,unveg,13,13X,X,PERPUN,6,
2009,AUG,unveg,13,13X,X,TRASH,2,
2009,AUG,unveg,14,14C,C,BARE,96,
2009,AUG,unveg,14,14C,C,DET,2,
2009,AUG,unveg,14,14C,C,TRASH,2,
2009,AUG,unveg,14,14X,X,BARE,95,
2009,AUG,unveg,14,14X,X,DET,3,
2009,AUG,unveg,14,14X,X,PERHYD,0.1,
2009,AUG,unveg,14,14X,X,TRASH,2,
2009,AUG,unveg,15,15C,C,BARE,85,
2009,AUG,unveg,15,15C,C,DET,15,
2009,AUG,unveg,15,15C,C,PERHYD,0.1,
2009,AUG,unveg,15,15C,C,PELVIR,0.5,
2009,AUG,unveg,15,15X,X,BARE,100,
2009,AUG,unveg,15,15X,X,DET,0.5,
2009,AUG,unveg,16,16C,C,BARE,100,
2009,AUG,unveg,16,16C,C,DET,0.1,
2009,AUG,unveg,16,16C,C,TRASH,0.1,
2009,AUG,unveg,16,16X,X,BARE,85,
2009,AUG,unveg,16,16X,X,DET,3,
2009,AUG,unveg,16,16X,X,PERPUN,10,
2010,JUN,unveg,5,5C,C,BARE,100,
2010,JUN,unveg,5,5C,C,DET,0.5,
2010,JUN,unveg,5,5C,C,TRASH,1,
2010,JUN,unveg,5,5X,X,BARE,99,
2010,JUN,unveg,5,5X,X,BIDFRO,0.5,
2010,JUN,unveg,5,5X,X,TYPSPP,0.5,changed from TYPLAT to TYPSPP ck 23aug17
2010,JUN,unveg,6,6C,C,BARE,100,
2010,JUN,unveg,6,6C,C,DET,0.1,
2010,JUN,unveg,6,6X,X,BARE,99,
2010,JUN,unveg,6,6X,X,DET,0.1,
2010,JUN,unveg,6,6X,X,ZIZAQU,0.5,
2010,JUN,unveg,9,9C,C,BARE,100,
2010,JUN,unveg,9,9C,C,DET,0.1,
2010,JUN,unveg,9,9X,X,BARE,85,
2010,JUN,unveg,9,9X,X,DET,0.5,
2010,JUN,unveg,9,9X,X,UNKOPP,0.5,
2010,JUN,unveg,9,9X,X,PELVIR,1,
2010,JUN,unveg,9,9X,X,ZIZAQU,15,
2010,JUN,unveg,10,10C,C,BARE,100,
2010,JUN,unveg,10,10C,C,DET,0.5,
2010,JUN,unveg,10,10X,X,BARE,100,
2010,JUN,unveg,10,10X,X,DET,0.5,
2010,JUN,unveg,10,10X,X,UNKOPP,0.1,
2010,JUN,unveg,13,13C,C,BARE,99,
2010,JUN,unveg,13,13C,C,DET,1,
2010,JUN,unveg,13,13C,C,PERSPP,0.1,
2010,JUN,unveg,13,13C,C,SAGLAT,0.1,
2010,JUN,unveg,13,13X,X,BARE,97,
2010,JUN,unveg,13,13X,X,DET,1,
2010,JUN,unveg,13,13X,X,PERPUN,0.5,changed from POLSP to POLPUN based on AUG10 data ck 23feb11
2010,JUN,unveg,13,13X,X,ZIZAQU,2,
2010,JUN,unveg,14,14C,C,BARE,97,
2010,JUN,unveg,14,14C,C,DET,1,
2010,JUN,unveg,14,14C,C,TRASH,0.5,
2010,JUN,unveg,14,14C,C,PERHYD,0.5,changed from POLSP to POLHYD based on AUG10 data ck 23feb11 
2010,JUN,unveg,14,14C,C,ZIZAQU,1,
2010,JUN,unveg,14,14C,C,SAGLAT,0.1,
2010,JUN,unveg,14,14C,C,PELVIR,0.1,
2010,JUN,unveg,14,14X,X,BARE,60,
2010,JUN,unveg,14,14X,X,DET,5,
2010,JUN,unveg,14,14X,X,UNKOPP,0.5,
2010,JUN,unveg,14,14X,X,PONCOR,4,"changed from PONCOR 2, PELVIR? 2 to PONCOR, 4 based on AUG10 data ck 23feb11"
2010,JUN,unveg,14,14X,X,TYPLAT,0.5,
2010,JUN,unveg,14,14X,X,PERPUN,1,changed from POLSP to POLPUN based on AUG10 data ck 23feb11
2010,JUN,unveg,14,14X,X,ZIZAQU,30,includes 0.5 % dead ck 6sep16
2010,JUN,unveg,15,15C,C,BARE,95,
2010,JUN,unveg,15,15C,C,DET,0.5,
2010,JUN,unveg,15,15C,C,PERPUN,6,changed from POLSP to POLPUN based on AUG10 data ck 23feb11
2010,JUN,unveg,15,15C,C,PELVIR,0.1,
2010,JUN,unveg,15,15C,C,TYPSPP,0.1,changed from TYPLAT to TYPSPP ck 23aug17
2010,JUN,unveg,15,15X,X,BARE,90,"rounded off from 88% to 90%, nearest multiple of 5 ck 23feb11"
2010,JUN,unveg,15,15X,X,PERPUN,10,changed from POLSP to POLPUN based on AUG10 data ck 23feb11
2010,JUN,unveg,15,15X,X,SAGLAT,0.5,
2010,JUN,unveg,15,15X,X,PELVIR,0.5,
2010,JUN,unveg,15,15X,X,TYPSPP,0.1,changed from TYPLAT to TYPSPP ck 23aug17
2010,JUN,unveg,15,15X,X,BIDFRO,0.5,
2010,JUN,unveg,15,15X,X,PONCOR,0.5,
2010,JUN,unveg,16,16C,C,BARE,99,
2010,JUN,unveg,16,16C,C,DET,0.5,
2010,JUN,unveg,16,16C,C,PERSPP,0.5,
2010,JUN,unveg,16,16X,X,BARE,45,
2010,JUN,unveg,16,16X,X,DET,1,
2010,JUN,unveg,16,16X,X,BIDFRO,0.1,
2010,JUN,unveg,16,16X,X,ZIZAQU,0.5,
2010,JUN,unveg,16,16X,X,SAGLAT,0.5,
2010,JUN,unveg,16,16X,X,PERPUN,55,changed from POLSP to POLPUN based on AUG10 data ck 23feb11
2010,AUG,unveg,5,5C,C,BARE,99,
2010,AUG,unveg,5,5C,C,DET,0.1,
2010,AUG,unveg,5,5C,C,TRASH,0.5,
2010,AUG,unveg,5,5C,C,PERSPP,0.5,
2010,AUG,unveg,5,5X,X,BARE,96,
2010,AUG,unveg,5,5X,X,DET,1,
2010,AUG,unveg,5,5X,X,ZIZAQU,3,
2010,AUG,unveg,6,6C,C,BARE,99,
2010,AUG,unveg,6,6C,C,DET,0.5,
2010,AUG,unveg,6,6C,C,TRASH,0.5,
2010,AUG,unveg,6,6X,X,BARE,98,
2010,AUG,unveg,6,6X,X,DET,1,
2010,AUG,unveg,6,6X,X,ZIZAQU,0.5,
2010,AUG,unveg,9,9C,C,BARE,100,
2010,AUG,unveg,9,9C,C,TRASH,0.1,
2010,AUG,unveg,9,9X,X,BARE,55,
2010,AUG,unveg,9,9X,X,ZIZAQU,40,includes 10 % dead ck 6sep16
2010,AUG,unveg,9,9X,X,PONCOR,3,
2010,AUG,unveg,9,9X,X,PELVIR,1,
2010,AUG,unveg,10,10C,C,BARE,100,
2010,AUG,unveg,10,10X,X,BARE,95,
2010,AUG,unveg,10,10X,X,DET,0.1,
2010,AUG,unveg,10,10X,X,TRASH,3,
2010,AUG,unveg,10,10X,X,PONCOR,4,
2010,AUG,unveg,13,13C,C,BARE,99,
2010,AUG,unveg,13,13C,C,DET,0.5,
2010,AUG,unveg,13,13C,C,TRASH,0.1,
2010,AUG,unveg,13,13X,X,BARE,90,
2010,AUG,unveg,13,13X,X,DET,0.5,
2010,AUG,unveg,13,13X,X,TRASH,1,
2010,AUG,unveg,13,13X,X,PERPUN,2,
2010,AUG,unveg,13,13X,X,ZIZAQU,8,includes 0.1 % dead ck 6sep16
2010,AUG,unveg,14,14C,C,BARE,95,
2010,AUG,unveg,14,14C,C,DET,1,
2010,AUG,unveg,14,14C,C,TRASH,0.1,
2010,AUG,unveg,14,14C,C,PERHYD,6,
2010,AUG,unveg,14,14X,X,BARE,15,
2010,AUG,unveg,14,14X,X,DET,5,
2010,AUG,unveg,14,14X,X,TRASH,2,
2010,AUG,unveg,14,14X,X,ZIZAQU,75,includes 3 % dead ck 6sep16
2010,AUG,unveg,14,14X,X,PONCOR,11,
2010,AUG,unveg,14,14X,X,PERPUN,4,
2010,AUG,unveg,15,15C,C,BARE,95,
2010,AUG,unveg,15,15C,C,DET,1,
2010,AUG,unveg,15,15C,C,PERPUN,6,
2010,AUG,unveg,15,15X,X,BARE,35,
2010,AUG,unveg,15,15X,X,DET,0.5,
2010,AUG,unveg,15,15X,X,PERPUN,55,includes 1 % dead ck 6sep16
2010,AUG,unveg,15,15X,X,PONCOR,6,
2010,AUG,unveg,15,15X,X,PELVIR,0.5,
2010,AUG,unveg,16,16C,C,BARE,100,
2010,AUG,unveg,16,16C,C,DET,0.1,
2010,AUG,unveg,16,16X,X,BARE,10,
2010,AUG,unveg,16,16X,X,DET,1,
2010,AUG,unveg,16,16X,X,ZIZAQU,1,
2010,AUG,unveg,16,16X,X,PERPUN,90,includes 8 % dead ck 6sep16
2010,AUG,unveg,16,16X,X,PONCOR,10,
2011,JUN,unveg,5,5C,C,BARE,99,
2011,JUN,unveg,5,5C,C,DET,0.5,
2011,JUN,unveg,5,5C,C,TRASH,0.5,
2011,JUN,unveg,5,5X,X,BARE,96,
2011,JUN,unveg,5,5X,X,ZIZAQU,4,
2011,JUN,unveg,5,5X,X,PERPUN,0.1,
2011,JUN,unveg,5,5X,X,,,5X COM: ZIZAQU all grazed
2011,JUN,unveg,6,6C,C,BARE,99,
2011,JUN,unveg,6,6C,C,DET,0.5,
2011,JUN,unveg,6,6C,C,TRASH,1,
2011,JUN,unveg,6,6X,X,DET,1,
2011,JUN,unveg,6,6X,X,PHAARU,11,includes 1 % dead ck 6sep16
2011,JUN,unveg,6,6X,X,BARE,90,
2011,JUN,unveg,6,6X,X,,,6X COM: PHAARU not grazed; some grazing of other things outside sample plot
2011,JUN,unveg,9,9C,C,BARE,100,
2011,JUN,unveg,9,9X,X,BARE,30,
2011,JUN,unveg,9,9X,X,DET,0.5,
2011,JUN,unveg,9,9X,X,ZIZAQU,25,
2011,JUN,unveg,9,9X,X,PONCOR,45,includes 0.1 % dead ck 6sep16
2011,JUN,unveg,9,9X,X,PELVIR,1,
2011,JUN,unveg,9,9X,X,PERPUN,1,
2011,JUN,unveg,9,9X,X,,,"9X COM: ZIZAQU grazed, almost all; PONCOR- not grazed"
2011,JUN,unveg,10,10C,C,BARE,100,
2011,JUN,unveg,10,10X,X,BARE,75,
2011,JUN,unveg,10,10X,X,DET,1,
2011,JUN,unveg,10,10X,X,PONCOR,25,
2011,JUN,unveg,10,10X,X,ZIZAQU,1,
2011,JUN,unveg,10,10X,X,,,10X COM: ZIZAQU mostly browsed; PONCOR only slight browse of some smaller plants
2011,JUN,unveg,13,13C,C,BARE,99,
2011,JUN,unveg,13,13C,C,DET,0.5,
2011,JUN,unveg,13,13C,C,PERSPP,0.1,
2011,JUN,unveg,13,13C,C,ZIZAQU,0.1,
2011,JUN,unveg,13,13C,C,,,13C COM: ZIZAQU browsed
2011,JUN,unveg,13,13X,X,BARE,25,
2011,JUN,unveg,13,13X,X,DET,1,
2011,JUN,unveg,13,13X,X,TRASH,2,
2011,JUN,unveg,13,13X,X,PERPUN,3,
2011,JUN,unveg,13,13X,X,ZIZAQU,70,
2011,JUN,unveg,13,13X,X,PELVIR,0.5,
2011,JUN,unveg,13,13X,X,BIDLAE,2,
2011,JUN,unveg,13,13X,X,,,13X COM: ZIZAQU < 50% browsed
2011,JUN,unveg,14,14C,C,BARE,97,
2011,JUN,unveg,14,14C,C,DET,0.5,
2011,JUN,unveg,14,14C,C,PERSPP,2,
2011,JUN,unveg,14,14C,C,ZIZAQU,0.1,
2011,JUN,unveg,14,14X,X,BARE,10,
2011,JUN,unveg,14,14X,X,DET,5,
2011,JUN,unveg,14,14X,X,TRASH,1,
2011,JUN,unveg,14,14X,X,ZIZAQU,60,
2011,JUN,unveg,14,14X,X,TYPLAT,4,
2011,JUN,unveg,14,14X,X,PONCOR,20,
2011,JUN,unveg,14,14X,X,PERPUN,35,
2011,JUN,unveg,14,14X,X,PELVIR,2,
2011,JUN,unveg,14,14X,X,,,14X COM: ZIZAQU very little browsed; TYPLAT- tallest culm/crown; nothing browsed except a little PONCOR near edge
2011,JUN,unveg,15,15C,C,BARE,95,
2011,JUN,unveg,15,15C,C,DET,0.5,
2011,JUN,unveg,15,15C,C,PELVIR,3,
2011,JUN,unveg,15,15C,C,PERSPP,2,
2011,JUN,unveg,15,15C,C,UNKMON,0.1,
2011,JUN,unveg,15,15X,X,BARE,20,
2011,JUN,unveg,15,15X,X,DET,4,
2011,JUN,unveg,15,15X,X,PONCOR,35,
2011,JUN,unveg,15,15X,X,PELVIR,2,
2011,JUN,unveg,15,15X,X,LEEORY,5,
2011,JUN,unveg,15,15X,X,PERPUN,35,
2011,JUN,unveg,15,15X,X,,,"15X COM: also in exclosure: SAGLAT, BIDSP, ZIZAQU; no signs of browse except a little to PONCOR"
2011,JUN,unveg,16,16C,C,BARE,99,
2011,JUN,unveg,16,16C,C,DET,0.5,
2011,JUN,unveg,16,16C,C,PERSPP,0.1,
2011,JUN,unveg,16,16X,X,BARE,15,
2011,JUN,unveg,16,16X,X,DET,20,
2011,JUN,unveg,16,16X,X,PONCOR,30,
2011,JUN,unveg,16,16X,X,BIDLAE,20,
2011,JUN,unveg,16,16X,X,ZIZAQU,2,
2011,JUN,unveg,16,16X,X,PERPUN,35,
2011,JUN,unveg,16,16X,X,LEEORY,4,
2011,JUN,unveg,16,16X,X,,,16X COM: very low browse
2011,AUG,unveg,5,5C,C,BARE,98,
2011,AUG,unveg,5,5C,C,DET,0.1,
2011,AUG,unveg,5,5C,C,TRASH,1,
2011,AUG,unveg,5,5C,C,PERHYD,1,
2011,AUG,unveg,5,5X,X,DET,0.1,
2011,AUG,unveg,5,5X,X,TRASH,1,
2011,AUG,unveg,5,5X,X,ZIZAQU,2,includes 0.1 % dead ck 6sep16
2011,AUG,unveg,5,5X,X,PONCOR,25,includes 0.5 % dead ck 6sep16
2011,AUG,unveg,5,5X,X,BARE,70,
2011,AUG,unveg,5,5X,X,,,5X COM: heavily browsed
2011,AUG,unveg,6,6C,C,BARE,99,
2011,AUG,unveg,6,6C,C,DET,0.1,
2011,AUG,unveg,6,6C,C,TRASH,1,
2011,AUG,unveg,6,6X,X,BARE,85,
2011,AUG,unveg,6,6X,X,DET,0.1,
2011,AUG,unveg,6,6X,X,PHAARU,15,includes 3 % dead ck 6sep16
2011,AUG,unveg,6,6X,X,WOOD,0.5,
2011,AUG,unveg,9,9C,C,BARE,100,
2011,AUG,unveg,9,9C,C,DET,0.1,
2011,AUG,unveg,9,9X,X,BARE,5,
2011,AUG,unveg,9,9X,X,DET,3,
2011,AUG,unveg,9,9X,X,PERPUN,2,
2011,AUG,unveg,9,9X,X,PONCOR,75,includes 5 % dead ck 6sep16
2011,AUG,unveg,9,9X,X,ZIZAQU,15,includes 10 % dead ck 6sep16
2011,AUG,unveg,9,9X,X,,,9X COM: lots of browsed ZIZAQU in + out of plot 
2011,AUG,unveg,10,10C,C,BARE,100,
2011,AUG,unveg,10,10C,C,DET,0.1,
2011,AUG,unveg,10,10X,X,BARE,20,
2011,AUG,unveg,10,10X,X,DET,1,
2011,AUG,unveg,10,10X,X,TRASH,1,
2011,AUG,unveg,10,10X,X,PERPUN,3,
2011,AUG,unveg,10,10X,X,PONCOR,75,includes 5 % dead ck 6sep16
2011,AUG,unveg,10,10X,X,PELVIR,2,
2011,AUG,unveg,10,10X,X,ZIZAQU,0.1,
2011,AUG,unveg,13,13C,C,BARE,100,
2011,AUG,unveg,13,13C,C,DET,0.1,
2011,AUG,unveg,13,13X,X,BARE,85,
2011,AUG,unveg,13,13X,X,DET,3,
2011,AUG,unveg,13,13X,X,ZIZAQU,7,includes 1 % dead ck 6sep16
2011,AUG,unveg,13,13X,X,PERPUN,4,includes 0.5 % dead ck 6sep16
2011,AUG,unveg,13,13X,X,,,13X COM: browsed
2011,AUG,unveg,14,14C,C,BARE,96,
2011,AUG,unveg,14,14C,C,DET,2,
2011,AUG,unveg,14,14C,C,PERHYD,2,
2011,AUG,unveg,14,14X,X,DET,3,
2011,AUG,unveg,14,14X,X,TRASH,2,
2011,AUG,unveg,14,14X,X,ZIZAQU,20,includes 4 % dead ck 6sep16
2011,AUG,unveg,14,14X,X,PERHYD,3,
2011,AUG,unveg,14,14X,X,PERPUN,85,includes 1 % dead ck 6sep16
2011,AUG,unveg,14,14X,X,TYPLAT,1,
2011,AUG,unveg,14,14X,X,PONCOR,12,
2011,AUG,unveg,14,14X,X,AMACAN,1,
2011,AUG,unveg,14,14X,X,WOOD,1,
2011,AUG,unveg,15,15C,C,BARE,98,
2011,AUG,unveg,15,15C,C,DET,0.5,
2011,AUG,unveg,15,15C,C,PERPUN,0.5,
2011,AUG,unveg,15,15C,C,PELVIR,1,
2011,AUG,unveg,15,15X,X,BARE,10,
2011,AUG,unveg,15,15X,X,DET,3,
2011,AUG,unveg,15,15X,X,LEEORY,10,
2011,AUG,unveg,15,15X,X,PERHYD,4,
2011,AUG,unveg,15,15X,X,PERPUN,45,
2011,AUG,unveg,15,15X,X,PONCOR,40,includes 3 % dead ck 6sep16
2011,AUG,unveg,15,15X,X,PELVIR,6,
2011,AUG,unveg,16,16C,C,BARE,100,
2011,AUG,unveg,16,16C,C,DET,0.1,
2011,AUG,unveg,16,16X,X,BARE,5,
2011,AUG,unveg,16,16X,X,DET,3,
2011,AUG,unveg,16,16X,X,BIDLAE,3,
2011,AUG,unveg,16,16X,X,LEEORY,4,
2011,AUG,unveg,16,16X,X,PERHYD,0.1,
2011,AUG,unveg,16,16X,X,PERPUN,45,includes 3 % dead ck 6sep16
2011,AUG,unveg,16,16X,X,PONCOR,45,includes 4 % dead ck 6sep16
2012,JUN,unveg,5,5C,C,BARE,99,
2012,JUN,unveg,5,5C,C,DET,1,
2012,JUN,unveg,5,5X,X,BARE,20,
2012,JUN,unveg,5,5X,X,DET,0.1,
2012,JUN,unveg,5,5X,X,PONCOR,75,
2012,JUN,unveg,5,5X,X,ZIZAQU,6,
2012,JUN,unveg,5,5X,X,,,5X COM: elev gradient rises away from gate
2012,JUN,unveg,6,6C,C,BARE,100,
2012,JUN,unveg,6,6C,C,DET,0.1,
2012,JUN,unveg,6,6X,X,BARE,60,
2012,JUN,unveg,6,6X,X,DET,1,
2012,JUN,unveg,6,6X,X,PHAARU,40,
2012,JUN,unveg,9,9C,C,BARE,99,
2012,JUN,unveg,9,9C,C,DET,1,
2012,JUN,unveg,9,9X,X,DET,3,
2012,JUN,unveg,9,9X,X,ZIZAQU,50,
2012,JUN,unveg,9,9X,X,PONCOR,70,
2012,JUN,unveg,9,9X,X,PERPUN,3,
2012,JUN,unveg,9,9X,X,,,"9X COM: browsing along inner edges; lower tier of PONCOR looks old, ratty"
2012,JUN,unveg,10,10C,C,BARE,100,
2012,JUN,unveg,10,10C,C,DET,0.1,
2012,JUN,unveg,10,10C,C,TRASH,0.1,
2012,JUN,unveg,10,10X,X,DET,1,
2012,JUN,unveg,10,10X,X,PONCOR,100,
2012,JUN,unveg,10,10X,X,ZIZAQU,2,
2012,JUN,unveg,10,10X,X,PERPUN,0.5,
2012,JUN,unveg,10,10X,X,BIDLAE,0.5,
2012,JUN,unveg,10,10X,X,,,10X COM: NUPLUT plant along W edge; PONCOR sheared off at fence
2012,JUN,unveg,13,13C,C,BARE,99,
2012,JUN,unveg,13,13C,C,DET,0.1,
2012,JUN,unveg,13,13C,C,TRASH,1,
2012,JUN,unveg,13,13X,X,BARE,45,
2012,JUN,unveg,13,13X,X,DET,2,
2012,JUN,unveg,13,13X,X,TRASH,0.1,
2012,JUN,unveg,13,13X,X,ZIZAQU,50,
2012,JUN,unveg,13,13X,X,PERPUN,4,
2012,JUN,unveg,13,13X,X,PONCOR,0.5,sdlng
2012,JUN,unveg,13,13X,X,,,"13X COM: ZIZAQU shorter than other plots; browsed only along edges, in 0.5m in some cases"
2012,JUN,unveg,14,14C,C,BARE,85,
2012,JUN,unveg,14,14C,C,DET,0.5,
2012,JUN,unveg,14,14C,C,WOOD,3,
2012,JUN,unveg,14,14C,C,NUPADV,10,changed from NUPLUT to NUPADV based on Flora of VA
2012,JUN,unveg,14,14C,C,PERHYD,1,based on aug12
2012,JUN,unveg,14,14X,X,DET,2,
2012,JUN,unveg,14,14X,X,TYPLAT,6,
2012,JUN,unveg,14,14X,X,PONCOR,15,
2012,JUN,unveg,14,14X,X,ZIZAQU,3,
2012,JUN,unveg,14,14X,X,PELVIR,2,
2012,JUN,unveg,14,14X,X,PERPUN,98,based on aug12
2012,JUN,unveg,14,14X,X,BIDLAE,1,
2012,JUN,unveg,14,14X,X,UNKDIC,0.1,
2012,JUN,unveg,14,14X,X,,,"14X COM: needs new short pole; SCHTAB in excl, but outside of plot, has brown spots"
2012,JUN,unveg,15,15C,C,BARE,60,
2012,JUN,unveg,15,15C,C,DET,1,
2012,JUN,unveg,15,15C,C,WOOD,35,"15C COM: large log, too large to move"
2012,JUN,unveg,15,15C,C,PONCOR,0.5,
2012,JUN,unveg,15,15C,C,PERPUN,1,"15C COM: looks like POLHYD 1, POLPUN 1"
2012,JUN,unveg,15,15C,C,PERHYD,1,
2012,JUN,unveg,15,15C,C,PELVIR,2,
2012,JUN,unveg,15,15X,X,BARE,2,
2012,JUN,unveg,15,15X,X,DET,2,
2012,JUN,unveg,15,15X,X,PONCOR,55,
2012,JUN,unveg,15,15X,X,LEEORY,20,
2012,JUN,unveg,15,15X,X,PERPUN,20,
2012,JUN,unveg,15,15X,X,AMACAN,1,
2012,JUN,unveg,15,15X,X,BIDLAE,3,
2012,JUN,unveg,15,15X,X,PELVIR,4,
2012,JUN,unveg,16,16C,C,BARE,99,
2012,JUN,unveg,16,16C,C,DET,0.1,
2012,JUN,unveg,16,16C,C,TRASH,0.5,
2012,JUN,unveg,16,16C,C,UNKOPP,0.1,
2012,JUN,unveg,16,16X,X,BARE,2,
2012,JUN,unveg,16,16X,X,DET,2,
2012,JUN,unveg,16,16X,X,PONCOR,55,
2012,JUN,unveg,16,16X,X,PERPUN,35,
2012,JUN,unveg,16,16X,X,BIDLAE,3,
2012,JUN,unveg,16,16X,X,NUPADV,0.5,changed from NUPLUT to NUPADV based on Flora of VA
2012,JUN,unveg,16,16X,X,PELVIR,1,
2012,JUN,unveg,16,16X,X,,,16X COM: short post askew w/ respect to fence posts; reset in winter; we msrd 1.5m from rebar; gradient rises away from gate; small amount of PONCOR herbiv
2012,AUG,unveg,5,5C,C,BARE,99,
2012,AUG,unveg,5,5C,C,DET,0.5,
2012,AUG,unveg,5,5C,C,FEATHR,0.5,
2012,AUG,unveg,5,5X,X,BARE,1,
2012,AUG,unveg,5,5X,X,ZIZAQU,3,
2012,AUG,unveg,5,5X,X,PONCOR,95,
2012,AUG,unveg,5,5X,X,,,"5X COM: if detritus present, veg too low and dense to see it"
2012,AUG,unveg,6,6C,C,BARE,99,
2012,AUG,unveg,6,6C,C,DET,0.5,
2012,AUG,unveg,6,6C,C,TRASH,0.5,
2012,AUG,unveg,6,6X,X,BARE,50,
2012,AUG,unveg,6,6X,X,DET,0.5,
2012,AUG,unveg,6,6X,X,PHAARU,50,
2012,AUG,unveg,9,9C,C,BARE,100,
2012,AUG,unveg,9,9C,C,DET,0.5,
2012,AUG,unveg,9,9X,X,PERPUN,15,
2012,AUG,unveg,9,9X,X,PONCOR,65,
2012,AUG,unveg,9,9X,X,PELVIR,4,
2012,AUG,unveg,9,9X,X,ZIZAQU,30,
2012,AUG,unveg,9,9X,X,,,"9X COM: lots has already senesced- counted it w/ species; remove stringing in Nov, consider removing in Aug next year- dead ZIZAU getting hung up on it"
2012,AUG,unveg,10,10C,C,BARE,99,
2012,AUG,unveg,10,10C,C,DET,0.5,
2012,AUG,unveg,10,10C,C,TRASH,0.5,
2012,AUG,unveg,10,10X,X,BARE,1,
2012,AUG,unveg,10,10X,X,PONCOR,95,
2012,AUG,unveg,10,10X,X,PERPUN,7,
2012,AUG,unveg,10,10X,X,ZIZAQU,5,
2012,AUG,unveg,10,10X,X,,,"10X COM: ZIZAQU attached, but already senesced;, some of senseced PONCOR leaves hung up on stringing"
2012,AUG,unveg,13,13C,C,BARE,100,
2012,AUG,unveg,13,13C,C,DET,0.5,
2012,AUG,unveg,13,13X,X,BARE,40,
2012,AUG,unveg,13,13X,X,ZIZAQU,25,
2012,AUG,unveg,13,13X,X,PONCOR,15,
2012,AUG,unveg,13,13X,X,PERPUN,8,
2012,AUG,unveg,13,13X,X,PELVIR,3,
2012,AUG,unveg,13,13X,X,ECHMUR,11,purple fruits; reviewed specimen 24oct19
2012,AUG,unveg,14,14C,C,BARE,85,
2012,AUG,unveg,14,14C,C,DET,0.5,
2012,AUG,unveg,14,14C,C,NUPADV,15,changed from NUPLUT to NUPADV based on Flora of VA
2012,AUG,unveg,14,14C,C,PERHYD,0.5,
2012,AUG,unveg,14,14C,C,,,14 C COM: all of NUPLUT stems from same large clump
2012,AUG,unveg,14,14X,X,AMACAN,5,
2012,AUG,unveg,14,14X,X,BIDLAE,2,
2012,AUG,unveg,14,14X,X,TYPLAT,25,
2012,AUG,unveg,14,14X,X,PERPUN,85,
2012,AUG,unveg,14,14X,X,ECHMUR,3,purple fruits; based on 2015 specimen reviewed 24oct19
2012,AUG,unveg,14,14X,X,LEEORY,1,
2012,AUG,unveg,14,14X,X,PONCOR,5,
2012,AUG,unveg,14,14X,X,,,14X COM: SCHTAB near gate; gate only has one latch- add more
2012,AUG,unveg,15,15C,C,BARE,65,
2012,AUG,unveg,15,15C,C,DET,2,
2012,AUG,unveg,15,15C,C,PERPUN,3,
2012,AUG,unveg,15,15C,C,WOOD,30,
2012,AUG,unveg,15,15C,C,FEATHR,0.5,
2012,AUG,unveg,15,15X,X,DET,0.5,
2012,AUG,unveg,15,15X,X,ECHMUR,4,purple fruits; based on 2015 specimen reviewed 24oct19
2012,AUG,unveg,15,15X,X,PERPUN,70,
2012,AUG,unveg,15,15X,X,LEEORY,45,
2012,AUG,unveg,15,15X,X,PELVIR,3,
2012,AUG,unveg,15,15X,X,AMACAN,2,
2012,AUG,unveg,15,15X,X,PONCOR,5,
2012,AUG,unveg,15,15X,X,SAGLAT,1,
2012,AUG,unveg,15,15X,X,LYCRUB,3,
2012,AUG,unveg,15,15X,X,BIDLAE,1,
2012,AUG,unveg,15,15X,X,,,15X COM: saw belted kingfisher on post of 16X
2012,AUG,unveg,16,16C,C,BARE,100,
2012,AUG,unveg,16,16C,C,DET,0.1,
2012,AUG,unveg,16,16C,C,TRASH,0.1,
2012,AUG,unveg,16,16X,X,BARE,2,
2012,AUG,unveg,16,16X,X,PONCOR,30,
2012,AUG,unveg,16,16X,X,PERPUN,80,
2012,AUG,unveg,16,16X,X,LEEORY,4,
2012,AUG,unveg,16,16X,X,AMACAN,1,small
2012,AUG,unveg,16,16X,X,,,16X COM: SAGLAT blooming along edge of excl 
2013,JUN,unveg,5,5C,C,BARE,100,
2013,JUN,unveg,5,5C,C,DET,0.5,
2013,JUN,unveg,5,5X,X,DET,2,
2013,JUN,unveg,5,5X,X,PONCOR,100,
2013,JUN,unveg,5,5X,X,PERPUN,3,
2013,JUN,unveg,5,5X,X,BIDFRO,1,
2013,JUN,unveg,5,5X,X,IMPCAP,1,
2013,JUN,unveg,5,5X,X,,,"5X Coment: heavy herbivory along margins, all heights, no herbivory in interior; lots of butterflies, beetles, catepillars, flies on PONCOR- not so much on NUPHAR"
2013,JUN,unveg,6,6C,C,BARE,100,
2013,JUN,unveg,6,6C,C,DET,0.1,
2013,JUN,unveg,6,6X,X,BARE,25,
2013,JUN,unveg,6,6X,X,DET,0.5,
2013,JUN,unveg,6,6X,X,PHAARU,75,
2013,JUN,unveg,6,6X,X,PERPUN,2,
2013,JUN,unveg,6,6X,X,NUPADV,0.1,seedlings; changed from NUPLUT to NUPADV based on Flora of VA
2013,JUN,unveg,6,6X,X,PONCOR,0.5,seedlings
2013,JUN,unveg,6,6X,X,PELVIR,1,
2013,JUN,unveg,6,6X,X,,,6X Comment: larger NUPLUT along margin; TYPLAT seedling in exclosure but in not study plot
2013,JUN,unveg,9,9C,C,BARE,100,
2013,JUN,unveg,9,9C,C,DET,0.5,
2013,JUN,unveg,9,9X,X,BARE,11,
2013,JUN,unveg,9,9X,X,DET,1,
2013,JUN,unveg,9,9X,X,ZIZAQU,12,
2013,JUN,unveg,9,9X,X,PONCOR,75,
2013,JUN,unveg,9,9X,X,PERPUN,20,
2013,JUN,unveg,9,9X,X,PELVIR,1,
2013,JUN,unveg,9,9X,X,AMACAN,0.5,
2013,JUN,unveg,9,9X,X,BIDFRO,0.5,
2013,JUN,unveg,9,9X,X,,,9X: Comment:  hebivory only on edges; POL- many have thumbprints
2013,JUN,unveg,10,10C,C,BARE,100,
2013,JUN,unveg,10,10C,C,DET,0.1,
2013,JUN,unveg,10,10C,C,TRASH,0.1,
2013,JUN,unveg,10,10X,X,DET,1,
2013,JUN,unveg,10,10X,X,PONCOR,100,
2013,JUN,unveg,10,10X,X,PERPUN,5,
2013,JUN,unveg,10,10X,X,ZIZAQU,2,
2013,JUN,unveg,10,10X,X,BIDFRO,0.5,
2013,JUN,unveg,13,13C,C,BARE,99,
2013,JUN,unveg,13,13C,C,DET,0.1,
2013,JUN,unveg,13,13C,C,PERPUN,0.5,
2013,JUN,unveg,13,13X,X,BARE,10,
2013,JUN,unveg,13,13X,X,DET,0.5,
2013,JUN,unveg,13,13X,X,ZIZAQU,15,
2013,JUN,unveg,13,13X,X,ECHMUR,13,reviewed specimen 24oct19
2013,JUN,unveg,13,13X,X,PONCOR,35,
2013,JUN,unveg,13,13X,X,PERPUN,40,
2013,JUN,unveg,13,13X,X,PELVIR,2,
2013,JUN,unveg,13,13X,X,ACERUB,0.1,
2013,JUN,unveg,13,13X,X,,,"13X Comment: ECHCRU has a silvery midrib, ZIZAQU has a chartreuse midrib; POLPUN has thumbprints"
2013,JUN,unveg,14,14C,C,BARE,75,
2013,JUN,unveg,14,14C,C,DET,1,
2013,JUN,unveg,14,14C,C,TRASH,0.5,
2013,JUN,unveg,14,14C,C,PERPUN,0.5,
2013,JUN,unveg,14,14C,C,NUPADV,25,changed from NUPLUT to NUPADV based on Flora of VA
2013,JUN,unveg,14,14X,X,BARE,6,
2013,JUN,unveg,14,14X,X,DET,40,
2013,JUN,unveg,14,14X,X,TRASH,3,
2013,JUN,unveg,14,14X,X,TYPLAT,14,
2013,JUN,unveg,14,14X,X,LEEORY,4,
2013,JUN,unveg,14,14X,X,ECHMUR,0.5,based on 2015 specimen reviewed 24oct19
2013,JUN,unveg,14,14X,X,AMACAN,25,
2013,JUN,unveg,14,14X,X,PERPUN,3,
2013,JUN,unveg,14,14X,X,PONCOR,20,
2013,JUN,unveg,14,14X,X,PELVIR,4,
2013,JUN,unveg,14,14X,X,BIDCON,4,
2013,JUN,unveg,14,14X,X,ACERUB,0.5,
2013,JUN,unveg,14,14X,X,,,"14X Comment: SCHTAB on edge of exclosure, but not in study plot"
2013,JUN,unveg,15,15C,C,BARE,94,
2013,JUN,unveg,15,15C,C,DET,3,
2013,JUN,unveg,15,15C,C,PELVIR,3,
2013,JUN,unveg,15,15C,C,PERPUN,0.1,
2013,JUN,unveg,15,15X,X,BARE,8,
2013,JUN,unveg,15,15X,X,DET,5,
2013,JUN,unveg,15,15X,X,PONCOR,35,
2013,JUN,unveg,15,15X,X,LEEORY,35,
2013,JUN,unveg,15,15X,X,SAGLAT,3,
2013,JUN,unveg,15,15X,X,PELVIR,12,
2013,JUN,unveg,15,15X,X,PERPUN,6,
2013,JUN,unveg,15,15X,X,LYCRUB,2,
2013,JUN,unveg,15,15X,X,AMACAN,20,
2013,JUN,unveg,15,15X,X,BIDCON,3,
2013,JUN,unveg,15,15X,X,BIDFRO,0.5,
2013,JUN,unveg,15,15X,X,ACERUB,0.5,
2013,JUN,unveg,15,15X,X,ECLPRO,0.5,
2013,JUN,unveg,15,15X,X,,,15X Comment: herbivory only along edge
2013,JUN,unveg,16,16C,C,BARE,99,
2013,JUN,unveg,16,16C,C,DET,0.5,
2013,JUN,unveg,16,16C,C,PERPUN,0.5,
2013,JUN,unveg,16,16X,X,BARE,5,
2013,JUN,unveg,16,16X,X,DET,15,
2013,JUN,unveg,16,16X,X,TRASH,0.5,
2013,JUN,unveg,16,16X,X,PONCOR,40,
2013,JUN,unveg,16,16X,X,LEEORY,20,
2013,JUN,unveg,16,16X,X,PELVIR,2,
2013,JUN,unveg,16,16X,X,PERPUN,15,thumbprint
2013,JUN,unveg,16,16X,X,AMACAN,13,
2013,JUN,unveg,16,16X,X,SAGLAT,1,
2013,JUN,unveg,16,16X,X,NUPADV,2,changed from NUPLUT to NUPADV based on Flora of VA
2013,AUG,unveg,5,5C,C,BARE,98,
2013,AUG,unveg,5,5C,C,FEATHR,0.1,
2013,AUG,unveg,5,5C,C,WOOD,1,
2013,AUG,unveg,5,5C,C,DET,0.5,
2013,AUG,unveg,5,5X,X,BARE,1,
2013,AUG,unveg,5,5X,X,DET,1,
2013,AUG,unveg,5,5X,X,PONCOR,99,
2013,AUG,unveg,5,5X,X,AMACAN,1,
2013,AUG,unveg,5,5X,X,PERPUN,0.5,
2013,AUG,unveg,5,5X,X,,,"5X Comment: IMPCAP in exclosure, but outside of study plot"
2013,AUG,unveg,6,6C,C,BARE,98,
2013,AUG,unveg,6,6C,C,DET,0.1,
2013,AUG,unveg,6,6C,C,TRASH,2,
2013,AUG,unveg,6,6X,X,BARE,30,
2013,AUG,unveg,6,6X,X,DET,0.1,
2013,AUG,unveg,6,6X,X,PHAARU,70,
2013,AUG,unveg,6,6X,X,FEATHR,0.5,
2013,AUG,unveg,6,6X,X,PELVIR,1,
2013,AUG,unveg,6,6X,X,PONCOR,2,
2013,AUG,unveg,6,6X,X,PERPUN,1,
2013,AUG,unveg,9,9C,C,BARE,100,
2013,AUG,unveg,9,9C,C,DET,0.5,
2013,AUG,unveg,9,9X,X,BARE,2,
2013,AUG,unveg,9,9X,X,DET,5,
2013,AUG,unveg,9,9X,X,TRASH,0.1,
2013,AUG,unveg,9,9X,X,ZIZAQU,20,
2013,AUG,unveg,9,9X,X,AMACAN,15,
2013,AUG,unveg,9,9X,X,PONCOR,70,
2013,AUG,unveg,9,9X,X,PERPUN,12,
2013,AUG,unveg,9,9X,X,PELVIR,1,
2013,AUG,unveg,9,9X,X,LEEORY,8,
2013,AUG,unveg,10,10C,C,BARE,99,
2013,AUG,unveg,10,10C,C,DET,0.1,
2013,AUG,unveg,10,10C,C,TRASH,1,
2013,AUG,unveg,10,10X,X,BARE,1,
2013,AUG,unveg,10,10X,X,DET,4,
2013,AUG,unveg,10,10X,X,ZIZAQU,25,
2013,AUG,unveg,10,10X,X,PONCOR,90,
2013,AUG,unveg,10,10X,X,LEEORY,2,
2013,AUG,unveg,10,10X,X,PERPUN,6,
2013,AUG,unveg,13,13C,C,BARE,100,
2013,AUG,unveg,13,13C,C,DET,0.1,
2013,AUG,unveg,13,13X,X,BARE,0.5,
2013,AUG,unveg,13,13X,X,DET,1,
2013,AUG,unveg,13,13X,X,ZIZAQU,15,
2013,AUG,unveg,13,13X,X,ECHMUR,15,reviewed specimen 24oct19
2013,AUG,unveg,13,13X,X,PERPUN,85,
2013,AUG,unveg,13,13X,X,PONCOR,25,
2013,AUG,unveg,14,14C,C,BARE,75,
2013,AUG,unveg,14,14C,C,DET,0.5,
2013,AUG,unveg,14,14C,C,TRASH,0.1,
2013,AUG,unveg,14,14C,C,NUPADV,25,changed from NUPLUT to NUPADV based on Flora of VA
2013,AUG,unveg,14,14C,C,PERPUN,1,
2013,AUG,unveg,14,14C,C,PERHYD,1,
2013,AUG,unveg,14,14X,X,DET,10,
2013,AUG,unveg,14,14X,X,TRASH,2,
2013,AUG,unveg,14,14X,X,TYPLAT,25,
2013,AUG,unveg,14,14X,X,AMACAN,90,
2013,AUG,unveg,14,14X,X,LEEORY,5,
2013,AUG,unveg,14,14X,X,PONCOR,15,
2013,AUG,unveg,14,14X,X,PERPUN,5,
2013,AUG,unveg,14,14X,X,SCHTAB,2,
2013,AUG,unveg,14,14X,X,BIDCON,3,
2013,AUG,unveg,14,14X,X,PELVIR,2,
2013,AUG,unveg,15,15C,C,BARE,95,
2013,AUG,unveg,15,15C,C,DET,1,
2013,AUG,unveg,15,15C,C,TRASH,2,
2013,AUG,unveg,15,15C,C,PELVIR,1,
2013,AUG,unveg,15,15C,C,PERHYD,2,
2013,AUG,unveg,15,15X,X,DET,1,
2013,AUG,unveg,15,15X,X,LEEORY,50,
2013,AUG,unveg,15,15X,X,AMACAN,40,
2013,AUG,unveg,15,15X,X,PERPUN,7,
2013,AUG,unveg,15,15X,X,SAGLAT,2,
2013,AUG,unveg,15,15X,X,PONCOR,4,
2013,AUG,unveg,15,15X,X,PELVIR,7,
2013,AUG,unveg,15,15X,X,LYCRUB,3,
2013,AUG,unveg,16,16C,C,BARE,100,
2013,AUG,unveg,16,16C,C,DET,0.1,
2013,AUG,unveg,16,16C,C,TRASH,0.1,
2013,AUG,unveg,16,16X,X,BARE,1,
2013,AUG,unveg,16,16X,X,DET,1,
2013,AUG,unveg,16,16X,X,AMACAN,13,
2013,AUG,unveg,16,16X,X,PERPUN,40,
2013,AUG,unveg,16,16X,X,PONCOR,30,
2013,AUG,unveg,16,16X,X,SAGLAT,4,
2013,AUG,unveg,16,16X,X,PELVIR,2,
2013,AUG,unveg,16,16X,X,LEEORY,30,
2013,AUG,unveg,16,16X,X,NUPADV,1,changed from NUPLUT to NUPADV based on Flora of VA
2014,JUN,unveg,5,5C,C,BARE,99,
2014,JUN,unveg,5,5C,C,DET,0.1,
2014,JUN,unveg,5,5C,C,TRASH,0.5,
2014,JUN,unveg,5,5C,C,UNKDIC,0.1,browsed
2014,JUN,unveg,5,5C,C,,,5C Comment: NUPLUT seedling just out of study plot
2014,JUN,unveg,5,5X,X,BARE,15,
2014,JUN,unveg,5,5X,X,TRASH,0.5,
2014,JUN,unveg,5,5X,X,PONCOR,85,
2014,JUN,unveg,5,5X,X,,,5X Comment: PONCOR browsed off on fenceline
2014,JUN,unveg,6,6C,C,BARE,96,
2014,JUN,unveg,6,6C,C,DET,2,
2014,JUN,unveg,6,6C,C,TRASH,2,
2014,JUN,unveg,6,6X,X,BARE,30,
2014,JUN,unveg,6,6X,X,DET,2,
2014,JUN,unveg,6,6X,X,TRASH,0.1,
2014,JUN,unveg,6,6X,X,PHAARU,70,
2014,JUN,unveg,6,6X,X,PELVIR,1,
2014,JUN,unveg,6,6X,X,,,"6X Comment: medium-sized log outside gate, about 10-12 inch dbh"
2014,JUN,unveg,9,9C,C,BARE,99,
2014,JUN,unveg,9,9C,C,DET,0.1,
2014,JUN,unveg,9,9C,C,TYPSPP,0.1,seedling; changed from TYPLAT to TYPSPP ck 23aug17
2014,JUN,unveg,9,9C,C,PELVIR,0.5,2 seedlings
2014,JUN,unveg,9,9X,X,BARE,2,
2014,JUN,unveg,9,9X,X,DET,50,
2014,JUN,unveg,9,9X,X,TRASH,1,
2014,JUN,unveg,9,9X,X,PONCOR,70,
2014,JUN,unveg,9,9X,X,ZIZAQU,0.5,
2014,JUN,unveg,9,9X,X,LEEORY,4,
2014,JUN,unveg,9,9X,X,PELVIR,2,
2014,JUN,unveg,9,9X,X,AMACAN,15,
2014,JUN,unveg,9,9X,X,PERPUN,7,
2014,JUN,unveg,10,10C,C,BARE,100,
2014,JUN,unveg,10,10C,C,DET,0.1,
2014,JUN,unveg,10,10C,C,TYPSPP,0.1,seedling; changed from TYPLAT to TYPSPP ck 23aug17
2014,JUN,unveg,10,10X,X,BARE,4,
2014,JUN,unveg,10,10X,X,DET,3,
2014,JUN,unveg,10,10X,X,PONCOR,85,
2014,JUN,unveg,10,10X,X,ZIZAQU,11,
2014,JUN,unveg,10,10X,X,PELVIR,4,
2014,JUN,unveg,10,10X,X,PERPUN,7,
2014,JUN,unveg,10,10X,X,AMACAN,4,
2014,JUN,unveg,13,13C,C,BARE,99,
2014,JUN,unveg,13,13C,C,DET,0.5,
2014,JUN,unveg,13,13C,C,TYPSPP,0.1,changed from TYPLAT to TYPSPP ck 23aug17
2014,JUN,unveg,13,13X,X,BARE,10,
2014,JUN,unveg,13,13X,X,DET,10,
2014,JUN,unveg,13,13X,X,TRASH,0.5,
2014,JUN,unveg,13,13X,X,PONCOR,40,
2014,JUN,unveg,13,13X,X,PELVIR,5,
2014,JUN,unveg,13,13X,X,ZIZAQU,3,
2014,JUN,unveg,13,13X,X,BIDFRO,0.1,
2014,JUN,unveg,13,13X,X,BIDLAE,1,
2014,JUN,unveg,13,13X,X,AMACAN,0.5,
2014,JUN,unveg,13,13X,X,MURKEI,0.1,
2014,JUN,unveg,13,13X,X,TYPSPP,3,seedling; changed from TYPLAT to TYPSPP ck 23aug17
2014,JUN,unveg,13,13X,X,ECHMUR,0.5,reviewed specimen 24oct19
2014,JUN,unveg,13,13X,X,BIDCON,0.5,
2014,JUN,unveg,13,13X,X,LEEORY,1,
2014,JUN,unveg,13,13X,X,PERPUN,4,based on aug14 data
2014,JUN,unveg,14,14C,C,BARE,60,
2014,JUN,unveg,14,14C,C,DET,0.5,
2014,JUN,unveg,14,14C,C,TYPLAT,0.1,small seedling
2014,JUN,unveg,14,14C,C,NUPADV,40,changed from NUPLUT to NUPADV based on Flora of VA
2014,JUN,unveg,14,14X,X,BARE,0.5,
2014,JUN,unveg,14,14X,X,DET,80,
2014,JUN,unveg,14,14X,X,TRASH,8,
2014,JUN,unveg,14,14X,X,WOOD,8,
2014,JUN,unveg,14,14X,X,TYPLAT,7,
2014,JUN,unveg,14,14X,X,PONCOR,14,
2014,JUN,unveg,14,14X,X,PELVIR,5,
2014,JUN,unveg,14,14X,X,LEEORY,4,
2014,JUN,unveg,14,14X,X,SCHTAB,1,
2014,JUN,unveg,14,14X,X,AMACAN,0.5,
2014,JUN,unveg,14,14X,X,PERPUN,0.5,
2014,JUN,unveg,14,14X,X,,,"14X Comment: gate end stoved in, we think due to scour; huge scour hole; herbivory inside exclosure, but all but 1 blade of it is outside study plot; fixed best we could that day, went back following week and pushed fenceposts deeper to make more secure"
2014,JUN,unveg,15,15C,C,BARE,100,
2014,JUN,unveg,15,15C,C,PERSPP,0.1,
2014,JUN,unveg,15,15C,C,PELVIR,0.1,seedling
2014,JUN,unveg,15,15C,C,,,15C Comment: moved log out
2014,JUN,unveg,15,15X,X,BARE,10,
2014,JUN,unveg,15,15X,X,DET,12,
2014,JUN,unveg,15,15X,X,TRASH,3,
2014,JUN,unveg,15,15X,X,LEEORY,50,
2014,JUN,unveg,15,15X,X,PELVIR,12,
2014,JUN,unveg,15,15X,X,SAGLAT,3,
2014,JUN,unveg,15,15X,X,PONCOR,12,
2014,JUN,unveg,15,15X,X,AMACAN,4,
2014,JUN,unveg,15,15X,X,PERPUN,3,
2014,JUN,unveg,15,15X,X,BIDLAE,1,
2014,JUN,unveg,15,15X,X,LYCRUB,5,
2014,JUN,unveg,16,16C,C,BARE,100,
2014,JUN,unveg,16,16C,C,NUPADV,0.1,changed from NUPLUT to NUPADV based on Flora of VA
2014,JUN,unveg,16,16X,X,BARE,15,
2014,JUN,unveg,16,16X,X,DET,6,
2014,JUN,unveg,16,16X,X,TRASH,7,
2014,JUN,unveg,16,16X,X,NUPADV,1,changed from NUPLUT to NUPADV based on Flora of VA
2014,JUN,unveg,16,16X,X,PONCOR,30,
2014,JUN,unveg,16,16X,X,SAGLAT,15,
2014,JUN,unveg,16,16X,X,BIDLAE,12,
2014,JUN,unveg,16,16X,X,PERPUN,8,
2014,JUN,unveg,16,16X,X,AMACAN,1,
2014,JUN,unveg,16,16X,X,LEEORY,5,
2014,JUN,unveg,16,16X,X,WOOD,3,
2014,JUN,unveg,16,16X,X,,,"16X Comment: IRIPSE inside exclosure, but not inside study plot"
2014,AUG,unveg,5,5C,C,BARE,100,
2014,AUG,unveg,5,5C,C,DET,0.1,
2014,AUG,unveg,5,5X,X,PONCOR,100,
2014,AUG,unveg,6,6C,C,BARE,97,
2014,AUG,unveg,6,6C,C,DET,0.5,
2014,AUG,unveg,6,6C,C,TRASH,2,
2014,AUG,unveg,6,6C,C,FEATHR,0.1,
2014,AUG,unveg,6,6X,X,PELVIR,3,
2014,AUG,unveg,6,6X,X,PONCOR,7,
2014,AUG,unveg,6,6X,X,PHAARU,90,"took specimen back to lab, confirmed id"
2014,AUG,unveg,9,9C,C,BARE,95,
2014,AUG,unveg,9,9C,C,DET,1,
2014,AUG,unveg,9,9C,C,WOOD,5,
2014,AUG,unveg,9,9X,X,DET,15,
2014,AUG,unveg,9,9X,X,PONCOR,75,
2014,AUG,unveg,9,9X,X,ZIZAQU,2,
2014,AUG,unveg,9,9X,X,LEEORY,20,
2014,AUG,unveg,9,9X,X,PELVIR,3,
2014,AUG,unveg,9,9X,X,AMACAN,1,
2014,AUG,unveg,9,9X,X,PERPUN,30,
2014,AUG,unveg,10,10C,C,BARE,100,
2014,AUG,unveg,10,10C,C,DET,0.5,
2014,AUG,unveg,10,10X,X,DET,12,
2014,AUG,unveg,10,10X,X,ZIZAQU,10,
2014,AUG,unveg,10,10X,X,PONCOR,80,
2014,AUG,unveg,10,10X,X,LEEORY,25,
2014,AUG,unveg,10,10X,X,PELVIR,2,
2014,AUG,unveg,10,10X,X,PERPUN,2,
2014,AUG,unveg,13,13C,C,BARE,100,
2014,AUG,unveg,13,13C,C,DET,0.1,
2014,AUG,unveg,13,13X,X,DET,6,
2014,AUG,unveg,13,13X,X,ZIZAQU,4,
2014,AUG,unveg,13,13X,X,PERPUN,25,
2014,AUG,unveg,13,13X,X,AMACAN,5,
2014,AUG,unveg,13,13X,X,ECHMUR,7,reviewed specimen 24oct19
2014,AUG,unveg,13,13X,X,PELVIR,4,
2014,AUG,unveg,13,13X,X,PONCOR,75,
2014,AUG,unveg,13,13X,X,BIDLAE,2,
2014,AUG,unveg,14,14C,C,BARE,55,
2014,AUG,unveg,14,14C,C,NUPADV,45,changed from NUPLUT to NUPADV based on Flora of VA
2014,AUG,unveg,14,14X,X,BARE,5,
2014,AUG,unveg,14,14X,X,DET,20,
2014,AUG,unveg,14,14X,X,TRASH,5,
2014,AUG,unveg,14,14X,X,SCHTAB,10,
2014,AUG,unveg,14,14X,X,TYPLAT,10,
2014,AUG,unveg,14,14X,X,PERPUN,10,
2014,AUG,unveg,14,14X,X,LEEORY,15,
2014,AUG,unveg,14,14X,X,PELVIR,10,
2014,AUG,unveg,14,14X,X,PONCOR,20,
2014,AUG,unveg,14,14X,X,LUDPEP,0.5,
2014,AUG,unveg,14,14X,X,ECLPRO,0.5,?
2014,AUG,unveg,14,14X,X,,,14X Comment:  Exclosure repair holding up pretty well
2014,AUG,unveg,15,15C,C,BARE,99,"orig data sheet said 100, but corrected to 99"
2014,AUG,unveg,15,15C,C,PELVIR,1,
2014,AUG,unveg,15,15X,X,BARE,1,
2014,AUG,unveg,15,15X,X,DET,2,
2014,AUG,unveg,15,15X,X,AMACAN,10,
2014,AUG,unveg,15,15X,X,PERPUN,12,
2014,AUG,unveg,15,15X,X,SAGLAT,15,
2014,AUG,unveg,15,15X,X,PONCOR,6,
2014,AUG,unveg,15,15X,X,PELVIR,4,
2014,AUG,unveg,15,15X,X,LYCRUB,2,
2014,AUG,unveg,15,15X,X,LEEORY,90,
2014,AUG,unveg,15,15X,X,BIDLAE,1,
2014,AUG,unveg,15,15X,X,ECHMUR,2,based on 2015 specimen reviewed 24oct19
2014,AUG,unveg,15,15X,X,,,"15X Comment: SAG blooming in exclosure, but not in study plot"
2014,AUG,unveg,16,16C,C,BARE,100,
2014,AUG,unveg,16,16C,C,DET,0.1,
2014,AUG,unveg,16,16C,C,,,16C Comment: tall pole lying prostrate; reinserted; consider cutting off so it can be pounded in
2014,AUG,unveg,16,16X,X,BARE,3,
2014,AUG,unveg,16,16X,X,DET,2,
2014,AUG,unveg,16,16X,X,TRASH,2,
2014,AUG,unveg,16,16X,X,AMACAN,9,
2014,AUG,unveg,16,16X,X,BIDLAE,5,
2014,AUG,unveg,16,16X,X,PERPUN,25,
2014,AUG,unveg,16,16X,X,PONCOR,30,
2014,AUG,unveg,16,16X,X,SAGLAT,55,
2014,AUG,unveg,16,16X,X,LEEORY,12,
2014,AUG,unveg,16,16X,X,WOOD,3,
2014,AUG,unveg,16,16X,X,,,16X Comment: Consider cutting off tall pole so it can be pounded in better
2015,JUN,unveg,5,5C,C,BARE,97,
2015,JUN,unveg,5,5C,C,DET,1,
2015,JUN,unveg,5,5C,C,TRASH,1,
2015,JUN,unveg,5,5C,C,PONCOR,1,seedlings
2015,JUN,unveg,5,5X,X,DET,40,
2015,JUN,unveg,5,5X,X,AMACAN,2,
2015,JUN,unveg,5,5X,X,PONCOR,98,
2015,JUN,unveg,5,5X,X,BIDLAE,0.5,
2015,JUN,unveg,6,6C,C,BARE,95,
2015,JUN,unveg,6,6C,C,DET,1,
2015,JUN,unveg,6,6C,C,TRASH,3,
2015,JUN,unveg,6,6C,C,PONCOR,0.1,seedlings
2015,JUN,unveg,6,6C,C,LUDPEP,0.5,
2015,JUN,unveg,6,6X,X,DET,30,
2015,JUN,unveg,6,6X,X,TRASH,0.5,
2015,JUN,unveg,6,6X,X,PELVIR,7,
2015,JUN,unveg,6,6X,X,PONCOR,8,
2015,JUN,unveg,6,6X,X,PHAARU,90,
2015,JUN,unveg,9,9C,C,BARE,99,
2015,JUN,unveg,9,9C,C,DET,0.5,
2015,JUN,unveg,9,9X,X,DET,50,
2015,JUN,unveg,9,9X,X,TRASH,1,
2015,JUN,unveg,9,9X,X,PONCOR,80,
2015,JUN,unveg,9,9X,X,AMACAN,15,
2015,JUN,unveg,9,9X,X,PERPUN,35,
2015,JUN,unveg,9,9X,X,LEEORY,13,
2015,JUN,unveg,9,9X,X,PELVIR,8,
2015,JUN,unveg,9,9X,X,,,9X Comments: Need tall pole for August; IRIPSE in buffer
2015,JUN,unveg,10,10C,C,BARE,99,
2015,JUN,unveg,10,10C,C,DET,0.1,
2015,JUN,unveg,10,10C,C,TRASH,0.5,
2015,JUN,unveg,10,10C,C,PERPUN,0.5,
2015,JUN,unveg,10,10X,X,BARE,1,
2015,JUN,unveg,10,10X,X,DET,50,
2015,JUN,unveg,10,10X,X,TRASH,1,
2015,JUN,unveg,10,10X,X,PONCOR,75,
2015,JUN,unveg,10,10X,X,PERPUN,25,
2015,JUN,unveg,10,10X,X,AMACAN,13,
2015,JUN,unveg,10,10X,X,PELVIR,9,
2015,JUN,unveg,10,10X,X,LEEORY,6,
2015,JUN,unveg,10,10X,X,ZIZAQU,1,
2015,JUN,unveg,10,10X,X,IMPCAP,0.5,
2015,JUN,unveg,10,10X,X,,,"10X Comments: ZIZAQU near center of plot, check in Aug to confirm"
2015,JUN,unveg,13,13C,C,BARE,98,
2015,JUN,unveg,13,13C,C,DET,1,
2015,JUN,unveg,13,13C,C,PERPUN,1,
2015,JUN,unveg,13,13C,C,PONCOR,0.5,seedlings
2015,JUN,unveg,13,13X,X,BARE,2,
2015,JUN,unveg,13,13X,X,DET,35,
2015,JUN,unveg,13,13X,X,TRASH,1,
2015,JUN,unveg,13,13X,X,PELVIR,14,
2015,JUN,unveg,13,13X,X,PONCOR,40,"folded in about 1% of seedlings in western half of plot, check in August"
2015,JUN,unveg,13,13X,X,AMACAN,20,
2015,JUN,unveg,13,13X,X,PERPUN,55,
2015,JUN,unveg,13,13X,X,ZIZAQU,1,
2015,JUN,unveg,13,13X,X,BIDFRO,0.5,
2015,JUN,unveg,13,13X,X,ECHMUR,0.5,reviewed specimen 24oct19
2015,JUN,unveg,13,13X,X,ACERUB,0.1,
2015,JUN,unveg,13,13X,X,UNKOPP,0.5,"NE corner, could be Bidens, check in August; didn't see it in August"
2015,JUN,unveg,14,14C,C,BARE,30,
2015,JUN,unveg,14,14C,C,DET,4,
2015,JUN,unveg,14,14C,C,NUPADV,60,changed from NUPLUT to NUPADV based on Flora of VA
2015,JUN,unveg,14,14C,C,PERHYD,5,
2015,JUN,unveg,14,14C,C,PERPUN,11,
2015,JUN,unveg,14,14C,C,AMACAN,2,
2015,JUN,unveg,14,14C,C,ACERUB,1,
2015,JUN,unveg,14,14C,C,PONCOR,1,seedlings
2015,JUN,unveg,14,14C,C,LEEORY,0.5,
2015,JUN,unveg,14,14X,X,DET,50,
2015,JUN,unveg,14,14X,X,TRASH,4,
2015,JUN,unveg,14,14X,X,TYPLAT,45,
2015,JUN,unveg,14,14X,X,PELVIR,13,
2015,JUN,unveg,14,14X,X,AMACAN,2,
2015,JUN,unveg,14,14X,X,PONCOR,25,
2015,JUN,unveg,14,14X,X,LEEORY,10,
2015,JUN,unveg,14,14X,X,SCHTAB,25,
2015,JUN,unveg,14,14X,X,PERPUN,25,
2015,JUN,unveg,14,14X,X,,,"14X Comment:  Need another 1-2 tie wires on gate, fix in August"
2015,JUN,unveg,15,15C,C,BARE,95,
2015,JUN,unveg,15,15C,C,DET,0.5,
2015,JUN,unveg,15,15C,C,TRASH,1,
2015,JUN,unveg,15,15C,C,PERPUN,2,
2015,JUN,unveg,15,15C,C,PERHYD,1,
2015,JUN,unveg,15,15X,X,BARE,1,
2015,JUN,unveg,15,15X,X,DET,40,
2015,JUN,unveg,15,15X,X,PERPUN,35,
2015,JUN,unveg,15,15X,X,SAGLAT,7,
2015,JUN,unveg,15,15X,X,PONCOR,6,
2015,JUN,unveg,15,15X,X,PELVIR,15,
2015,JUN,unveg,15,15X,X,LEEORY,15,
2015,JUN,unveg,15,15X,X,AMACAN,1,
2015,JUN,unveg,15,15X,X,BIDLAE,0.5,
2015,JUN,unveg,15,15X,X,MURKEI,0.5,southern edge
2015,JUN,unveg,16,16C,C,BARE,99,
2015,JUN,unveg,16,16C,C,DET,0.1,
2015,JUN,unveg,16,16C,C,PELVIR,0.1,seedling (after Jorge showed us in field what PONCOR seedlings look like)
2015,JUN,unveg,16,16C,C,PERHYD,0.1,
2015,JUN,unveg,16,16C,C,PERPUN,0.1,
2015,JUN,unveg,16,16X,X,BARE,3,
2015,JUN,unveg,16,16X,X,DET,25,
2015,JUN,unveg,16,16X,X,TRASH,1,
2015,JUN,unveg,16,16X,X,NUPADV,2,changed from NUPLUT to NUPADV based on Flora of VA
2015,JUN,unveg,16,16X,X,PONCOR,25,
2015,JUN,unveg,16,16X,X,PERPUN,50,
2015,JUN,unveg,16,16X,X,SAGLAT,8,
2015,JUN,unveg,16,16X,X,PELVIR,5,
2015,JUN,unveg,16,16X,X,LEEORY,0.5,
2015,JUN,unveg,16,16X,X,BIDFRO,0.1,
2015,JUN,unveg,16,16X,X,ACERUB,0.1,
2015,JUN,unveg,16,16X,X,AMACAN,0.5,
2015,JUN,unveg,16,16X,X,BIDLAE,0.5,
2015,AUG,unveg,5,5C,C,BARE,100,
2015,AUG,unveg,5,5C,C,DET,0.1,
2015,AUG,unveg,5,5X,X,DET,25,
2015,AUG,unveg,5,5X,X,AMACAN,15,
2015,AUG,unveg,5,5X,X,PONCOR,100,some has died back
2015,AUG,unveg,6,6C,C,BARE,99,
2015,AUG,unveg,6,6C,C,DET,0.5,
2015,AUG,unveg,6,6C,C,TRASH,0.1,
2015,AUG,unveg,6,6X,X,PHAARU,100,
2015,AUG,unveg,6,6X,X,DET,10,
2015,AUG,unveg,6,6X,X,PELVIR,12,
2015,AUG,unveg,6,6X,X,PONCOR,12,
2015,AUG,unveg,9,9C,C,BARE,100,
2015,AUG,unveg,9,9C,C,DET,0.1,
2015,AUG,unveg,9,9X,X,BARE,2,
2015,AUG,unveg,9,9X,X,DET,20,
2015,AUG,unveg,9,9X,X,PERPUN,30,
2015,AUG,unveg,9,9X,X,PELVIR,7,
2015,AUG,unveg,9,9X,X,PONCOR,35,
2015,AUG,unveg,9,9X,X,LEEORY,25,
2015,AUG,unveg,9,9X,X,AMACAN,4,
2015,AUG,unveg,9,9X,X,ZIZAQU,0.5,
2015,AUG,unveg,9,9X,X,,,9X Comments: Needs new tall pole 
2015,AUG,unveg,10,10C,C,BARE,88,
2015,AUG,unveg,10,10C,C,WOOD,12,
2015,AUG,unveg,10,10X,X,BARE,2,
2015,AUG,unveg,10,10X,X,DET,35,
2015,AUG,unveg,10,10X,X,AMACAN,80,
2015,AUG,unveg,10,10X,X,PERPUN,65,
2015,AUG,unveg,10,10X,X,PONCOR,12,
2015,AUG,unveg,10,10X,X,ZIZAQU,0.5,
2015,AUG,unveg,10,10X,X,PELVIR,0.5,
2015,AUG,unveg,10,10X,X,LEEORY,6,
2015,AUG,unveg,13,13C,C,BARE,99,
2015,AUG,unveg,13,13C,C,DET,0.1,
2015,AUG,unveg,13,13C,C,TRASH,1,
2015,AUG,unveg,13,13C,C,PERHYD,0.1,
2015,AUG,unveg,13,13X,X,DET,20,
2015,AUG,unveg,13,13X,X,AMACAN,95,
2015,AUG,unveg,13,13X,X,ZIZAQU,2,
2015,AUG,unveg,13,13X,X,PONCOR,12,
2015,AUG,unveg,13,13X,X,PELVIR,5,
2015,AUG,unveg,13,13X,X,PERPUN,30,
2015,AUG,unveg,13,13X,X,ECHMUR,1,reviewed specimen 24oct19
2015,AUG,unveg,14,14C,C,PERHYD,10,
2015,AUG,unveg,14,14C,C,BARE,20,
2015,AUG,unveg,14,14C,C,DET,4,
2015,AUG,unveg,14,14C,C,PERPUN,25,
2015,AUG,unveg,14,14C,C,NUPADV,45,changed from NUPLUT to NUPADV based on Flora of VA
2015,AUG,unveg,14,14C,C,AMACAN,9,
2015,AUG,unveg,14,14C,C,ECHMUR,1,based on 2015 specimen reviewed 24oct19
2015,AUG,unveg,14,14X,X,DET,15,
2015,AUG,unveg,14,14X,X,TRASH,2,
2015,AUG,unveg,14,14X,X,TYPLAT,25,
2015,AUG,unveg,14,14X,X,AMACAN,20,
2015,AUG,unveg,14,14X,X,SCHTAB,15,
2015,AUG,unveg,14,14X,X,BIDLAE,7,
2015,AUG,unveg,14,14X,X,PONCOR,5,
2015,AUG,unveg,14,14X,X,PELVIR,5,
2015,AUG,unveg,14,14X,X,PERPUN,20,
2015,AUG,unveg,14,14X,X,LEEORY,10,
2015,AUG,unveg,15,15C,C,BARE,85,
2015,AUG,unveg,15,15C,C,DET,2,
2015,AUG,unveg,15,15C,C,PERHYD,9,
2015,AUG,unveg,15,15C,C,PERPUN,4,
2015,AUG,unveg,15,15X,X,BARE,1,
2015,AUG,unveg,15,15X,X,DET,25,
2015,AUG,unveg,15,15X,X,AMACAN,15,
2015,AUG,unveg,15,15X,X,PERPUN,95,
2015,AUG,unveg,15,15X,X,SAGLAT,20,
2015,AUG,unveg,15,15X,X,PONCOR,6,
2015,AUG,unveg,15,15X,X,PELVIR,4,
2015,AUG,unveg,15,15X,X,BIDLAE,4,
2015,AUG,unveg,15,15X,X,LEEORY,25,
2015,AUG,unveg,16,16C,C,BARE,100,
2015,AUG,unveg,16,16C,C,DET,0.1,
2015,AUG,unveg,16,16C,C,TRASH,0.1,
2015,AUG,unveg,16,16X,X,BARE,2,
2015,AUG,unveg,16,16X,X,DET,8,
2015,AUG,unveg,16,16X,X,AMACAN,13,
2015,AUG,unveg,16,16X,X,PERPUN,65,
2015,AUG,unveg,16,16X,X,SAGLAT,12,
2015,AUG,unveg,16,16X,X,PONCOR,20,
2015,AUG,unveg,16,16X,X,PELVIR,0.5,
2015,AUG,unveg,16,16X,X,IRIPSE,0.5,
2015,AUG,unveg,16,16X,X,BIDLAE,2,
2015,AUG,unveg,16,16X,X,LEEORY,1,
,,,,,,,,
,,,,,,,,
,,,,,,,,
,,,,,,,,
,,,,,,,,
,,,,,,,,
,,,,,,,,
,,,,,,,,
,,,,,,,,
,,,,,,,,
,,,,,,,,
,,,,,,,,
,,,,,,,,
,,,,,,,,
,,,,,,,,
,,,,,,,,
,,,,,,,,
,,,,,,,,
,,,,,,,,
,,,,,,,,
,,,,,,,,
,,,,,,,,
,,,,,,,,
,,,,,,,,
,,,,,,,,
,,,,,,,,
,,,,,,,,
,,,,,,,,
,,,,,,,,
,,,,,,,,
,,,,,,,,
,,,,,,,,
,,,,,,,,
,,,,,,,,
,,,,,,,,
,,,,,,,,
,,,,,,,,
,,,,,,,,
,,,,,,,,
,,,,,,,,
,,,,,,,,
,,,,,,,,
,,,,,,,,
,,,,,,,,
,,,,,,,,
,,,,,,,,
,,,,,,,,
,,,,,,,,
,,,,,,,,
,,,,,,,,
,,,,,,,,
,,,,,,,,
,,,,,,,,
,,,,,,,,
,,,,,,,,
,,,,,,,,
,,,,,,,,
,,,,,,,,
,,,,,,,,
,,,,,,,,
,,,,,,,,
,,,,,,,,
,,,,,,,,
,,,,,,,,
,,,,,,,,
,,,,,,,,
,,,,,,,,
,,,,,,,,
,,,,,,,,
,,,,,,,,
,,,,,,,,
,,,,,,,,
,,,,,,,,
,,,,,,,,
,,,,,,,,
,,,,,,,,
,,,,,,,,
,,,,,,,,
,,,,,,,,
,,,,,,,,
,,,,,,,,
,,,,,,,,
,,,,,,,,
,,,,,,,,
,,,,,,,,
,,,,,,,,
,,,,,,,,
,,,,,,,,
,,,,,,,,
,,,,,,,,
,,,,,,,,
,,,,,,,,
,,,,,,,,
,,,,,,,,
,,,,,,,,
,,,,,,,,
,,,,,,,,
,,,,,,,,
,,,,,,,,
,,,,,,,,
,,,,,,,,
,,,,,,,,
,,,,,,,,
,,,,,,,,
,,,,,,,,
,,,,,,,,
,,,,,,,,
,,,,,,,,
,,,,,,,,
,,,,,,,,
,,,,,,,,
,,,,,,,,
,,,,,,,,
,,,,,,,,
,,,,,,,,
,,,,,,,,
,,,,,,,,
,,,,,,,,
,,,,,,,,
,,,,,,,,
,,,,,,,,
,,,,,,,,
,,,,,,,,
,,,,,,,,
,,,,,,,,
,,,,,,,,
,,,,,,,,
,,,,,,,,
,,,,,,,,
,,,,,,,,
,,,,,,,,
,,,,,,,,
,,,,,,,,
,,,,,,,,
,,,,,,,,
,,,,,,,,
,,,,,,,,
,,,,,,,,
,,,,,,,,
,,,,,,,,
,,,,,,,,
,,,,,,,,
,,,,,,,,
,,,,,,,,
,,,,,,,,
,,,,,,,,
,,,,,,,,
,,,,,,,,
,,,,,,,,
,,,,,,,,
,,,,,,,,
,,,,,,,,
,,,,,,,,
,,,,,,,,
,,,,,,,,
,,,,,,,,
,,,,,,,,
,,,,,,,,
,,,,,,,,
,,,,,,,,
,,,,,,,,
,,,,,,,,
,,,,,,,,
,,,,,,,,
,,,,,,,,
,,,,,,,,
,,,,,,,,
,,,,,,,,
,,,,,,,,
,,,,,,,,
,,,,,,,,
,,,,,,,,
,,,,,,,,
,,,,,,,,
,,,,,,,,
,,,,,,,,
,,,,,,,,
,,,,,,,,
,,,,,,,,
,,,,,,,,
,,,,,,,,
,,,,,,,,
,,,,,,,,
,,,,,,,,
,,,,,,,,
,,,,,,,,
,,,,,,,,
,,,,,,,,
,,,,,,,,
,,,,,,,,
,,,,,,,,
,,,,,,,,
,,,,,,,,
,,,,,,,,
,,,,,,,,
,,,,,,,,
,,,,,,,,
,,,,,,,,
,,,,,,,,
,,,,,,,,
,,,,,,,,
,,,,,,,,
,,,,,,,,
,,,,,,,,
,,,,,,,,
,,,,,,,,
,,,,,,,,
,,,,,,,,
,,,,,,,,
,,,,,,,,
,,,,,,,,
,,,,,,,,
,,,,,,,,
,,,,,,,,
,,,,,,,,
,,,,,,,,
,,,,,,,,
,,,,,,,,
,,,,,,,,
,,,,,,,,
,,,,,,,,
,,,,,,,,
,,,,,,,,
,,,,,,,,
,,,,,,,,
,,,,,,,,
,,,,,,,,
,,,,,,,,
,,,,,,,,
,,,,,,,,
,,,,,,,,
,,,,,,,,
,,,,,,,,
,,,,,,,,
,,,,,,,,
,,,,,,,,
,,,,,,,,
,,,,,,,,
,,,,,,,,
,,,,,,,,
,,,,,,,,
,,,,,,,,
,,,,,,,,
,,,,,,,,
,,,,,,,,
,,,,,,,,
,,,,,,,,
,,,,,,,,
,,,,,,,,
,,,,,,,,
,,,,,,,,
,,,,,,,,
,,,,,,,,
,,,,,,,,
,,,,,,,,
,,,,,,,,
,,,,,,,,
,,,,,,,,
,,,,,,,,
,,,,,,,,
,,,,,,,,
,,,,,,,,
,,,,,,,,
,,,,,,,,
,,,,,,,,
,,,,,,,,
,,,,,,,,
,,,,,,,,
,,,,,,,,
,,,,,,,,
,,,,,,,,
,,,,,,,,
,,,,,,,,
,,,,,,,,
,,,,,,,,
,,,,,,,,
,,,,,,,,
,,,,,,,,
,,,,,,,,
,,,,,,,,
,,,,,,,,
,,,,,,,,
,,,,,,,,
,,,,,,,,
,,,,,,,,
,,,,,,,,
,,,,,,,,
,,,,,,,,
,,,,,,,,
,,,,,,,,
,,,,,,,,
,,,,,,,,
,,,,,,,,
,,,,,,,,
,,,,,,,,
,,,,,,,,
,,,,,,,,
,,,,,,,,
,,,,,,,,
,,,,,,,,
,,,,,,,,
,,,,,,,,
,,,,,,,,
,,,,,,,,
,,,,,,,,
,,,,,,,,
,,,,,,,,
,,,,,,,,
,,,,,,,,
,,,,,,,,
,,,,,,,,
,,,,,,,,
,,,,,,,,
,,,,,,,,
,,,,,,,,
,,,,,,,,
,,,,,,,,
,,,,,,,,
,,,,,,,,
,,,,,,,,
,,,,,,,,
,,,,,,,,
,,,,,,,,
,,,,,,,,
,,,,,,,,
,,,,,,,,
,,,,,,,,
,,,,,,,,
,,,,,,,,
,,,,,,,,
,,,,,,,,
,,,,,,,,
,,,,,,,,
,,,,,,,,
,,,,,,,,
,,,,,,,,
,,,,,,,,
,,,,,,,,
,,,,,,,,
,,,,,,,,
,,,,,,,,
,,,,,,,,
,,,,,,,,
,,,,,,,,
,,,,,,,,
,,,,,,,,
,,,,,,,,
,,,,,,,,
,,,,,,,,
,,,,,,,,
,,,,,,,,
,,,,,,,,
,,,,,,,,
,,,,,,,,
,,,,,,,,
,,,,,,,,
,,,,,,,,
,,,,,,,,
,,,,,,,,
,,,,,,,,
,,,,,,,,
,,,,,,,,
,,,,,,,,
,,,,,,,,
,,,,,,,,
,,,,,,,,
,,,,,,,,
,,,,,,,,
,,,,,,,,
,,,,,,,,
,,,,,,,,
,,,,,,,,
,,,,,,,,
,,,,,,,,
,,,,,,,,
,,,,,,,,
,,,,,,,,
,,,,,,,,
,,,,,,,,
,,,,,,,,
,,,,,,,,
,,,,,,,,
,,,,,,,,
,,,,,,,,
,,,,,,,,
,,,,,,,,
,,,,,,,,
,,,,,,,,
,,,,,,,,
,,,,,,,,
,,,,,,,,
,,,,,,,,
,,,,,,,,
,,,,,,,,
,,,,,,,,
,,,,,,,,
,,,,,,,,
,,,,,,,,
,,,,,,,,
,,,,,,,,
,,,,,,,,
,,,,,,,,
,,,,,,,,
,,,,,,,,
,,,,,,,,
,,,,,,,,
,,,,,,,,
,,,,,,,,
,,,,,,,,
,,,,,,,,
,,,,,,,,
,,,,,,,,
,,,,,,,,
,,,,,,,,
,,,,,,,,
,,,,,,,,
,,,,,,,,
,,,,,,,,
,,,,,,,,
,,,,,,,,
,,,,,,,,
,,,,,,,,
,,,,,,,,
,,,,,,,,
,,,,,,,,
,,,,,,,,
,,,,,,,,
,,,,,,,,
,,,,,,,,
,,,,,,,,
,,,,,,,,
,,,,,,,,
,,,,,,,,
,,,,,,,,
,,,,,,,,
,,,,,,,,
,,,,,,,,
,,,,,,,,
,,,,,,,,
,,,,,,,,
,,,,,,,,
,,,,,,,,
,,,,,,,,
,,,,,,,,
,,,,,,,,
,,,,,,,,
,,,,,,,,
,,,,,,,,
,,,,,,,,
,,,,,,,,
,,,,,,,,
,,,,,,,,
,,,,,,,,
,,,,,,,,
,,,,,,,,
,,,,,,,,
,,,,,,,,
,,,,,,,,
,,,,,,,,
,,,,,,,,
,,,,,,,,
,,,,,,,,
,,,,,,,,
,,,,,,,,
,,,,,,,,
,,,,,,,,
,,,,,,,,
,,,,,,,,
,,,,,,,,
,,,,,,,,
,,,,,,,,
,,,,,,,,
,,,,,,,,
,,,,,,,,
,,,,,,,,
,,,,,,,,
,,,,,,,,
,,,,,,,,
,,,,,,,,
,,,,,,,,
,,,,,,,,
,,,,,,,,
,,,,,,,,
,,,,,,,,
,,,,,,,,
,,,,,,,,
,,,,,,,,
,,,,,,,,
,,,,,,,,
,,,,,,,,
,,,,,,,,
,,,,,,,,
,,,,,,,,
,,,,,,,,
,,,,,,,,
,,,,,,,,
,,,,,,,,
,,,,,,,,
,,,,,,,,
,,,,,,,,
,,,,,,,,
,,,,,,,,
,,,,,,,,
,,,,,,,,
,,,,,,,,
,,,,,,,,
,,,,,,,,
,,,,,,,,
,,,,,,,,
,,,,,,,,
,,,,,,,,
,,,,,,,,
,,,,,,,,
,,,,,,,,
,,,,,,,,
,,,,,,,,
,,,,,,,,
,,,,,,,,
,,,,,,,,
,,,,,,,,
,,,,,,,,
,,,,,,,,
,,,,,,,,
,,,,,,,,
,,,,,,,,
,,,,,,,,
,,,,,,,,
,,,,,,,,
,,,,,,,,
,,,,,,,,
,,,,,,,,
,,,,,,,,
,,,,,,,,
,,,,,,,,
,,,,,,,,
,,,,,,,,
,,,,,,,,
,,,,,,,,
,,,,,,,,
,,,,,,,,
,,,,,,,,
,,,,,,,,
,,,,,,,,
,,,,,,,,
,,,,,,,,
,,,,,,,,
,,,,,,,,
,,,,,,,,
,,,,,,,,
,,,,,,,,
,,,,,,,,
,,,,,,,,
,,,,,,,,
,,,,,,,,
,,,,,,,,
,,,,,,,,
,,,,,,,,
,,,,,,,,
,,,,,,,,
,,,,,,,,
,,,,,,,,
,,,,,,,,
,,,,,,,,
,,,,,,,,
,,,,,,,,
,,,,,,,,
,,,,,,,,
,,,,,,,,
,,,,,,,,
,,,,,,,,
,,,,,,,,
,,,,,,,,
,,,,,,,,
,,,,,,,,
,,,,,,,,
,,,,,,,,
,,,,,,,,
,,,,,,,,
,,,,,,,,
,,,,,,,,
,,,,,,,,
,,,,,,,,
,,,,,,,,
,,,,,,,,
,,,,,,,,
,,,,,,,,
,,,,,,,,
,,,,,,,,
,,,,,,,,
,,,,,,,,
,,,,,,,,
,,,,,,,,
,,,,,,,,
,,,,,,,,
,,,,,,,,
,,,,,,,,
,,,,,,,,
,,,,,,,,
,,,,,,,,
,,,,,,,,
,,,,,,,,
,,,,,,,,
,,,,,,,,
,,,,,,,,
,,,,,,,,
,,,,,,,,
,,,,,,,,
,,,,,,,,
,,,,,,,,
,,,,,,,,
,,,,,,,,
,,,,,,,,
,,,,,,,,
,,,,,,,,
,,,,,,,,
,,,,,,,,
,,,,,,,,
,,,,,,,,
,,,,,,,,
,,,,,,,,
,,,,,,,,
,,,,,,,,
,,,,,,,,
,,,,,,,,
,,,,,,,,
,,,,,,,,
,,,,,,,,
,,,,,,,,
,,,,,,,,
,,,,,,,,
,,,,,,,,
,,,,,,,,
,,,,,,,,
,,,,,,,,
,,,,,,,,
,,,,,,,,
,,,,,,,,
,,,,,,,,
,,,,,,,,
,,,,,,,,
,,,,,,,,
,,,,,,,,
,,,,,,,,
,,,,,,,,
,,,,,,,,
,,,,,,,,
,,,,,,,,
,,,,,,,,
,,,,,,,,
,,,,,,,,
,,,,,,,,
,,,,,,,,
,,,,,,,,
,,,,,,,,
,,,,,,,,
,,,,,,,,
,,,,,,,,
,,,,,,,,
,,,,,,,,
,,,,,,,,
,,,,,,,,
,,,,,,,,
,,,,,,,,
,,,,,,,,
,,,,,,,,
,,,,,,,,
,,,,,,,,
,,,,,,,,
,,,,,,,,
,,,,,,,,
,,,,,,,,
,,,,,,,,
,,,,,,,,
,,,,,,,,
,,,,,,,,
,,,,,,,,
,,,,,,,,
,,,,,,,,
,,,,,,,,
,,,,,,,,
,,,,,,,,
,,,,,,,,
,,,,,,,,
,,,,,,,,
,,,,,,,,
,,,,,,,,
,,,,,,,,
,,,,,,,,
,,,,,,,,
,,,,,,,,
,,,,,,,,
,,,,,,,,
,,,,,,,,
,,,,,,,,
,,,,,,,,
,,,,,,,,
,,,,,,,,
,,,,,,,,
,,,,,,,,
,,,,,,,,
,,,,,,,,
,,,,,,,,
,,,,,,,,
,,,,,,,,
,,,,,,,,
,,,,,,,,
,,,,,,,,
,,,,,,,,
,,,,,,,,
,,,,,,,,
,,,,,,,,
,,,,,,,,
,,,,,,,,
,,,,,,,,
,,,,,,,,
,,,,,,,,
,,,,,,,,
,,,,,,,,
,,,,,,,,
,,,,,,,,
,,,,,,,,
,,,,,,,,
,,,,,,,,
,,,,,,,,
,,,,,,,,
,,,,,,,,
,,,,,,,,
,,,,,,,,
,,,,,,,,
,,,,,,,,
,,,,,,,,
,,,,,,,,
,,,,,,,,
,,,,,,,,
,,,,,,,,
,,,,,,,,
,,,,,,,,
,,,,,,,,
,,,,,,,,
,,,,,,,,
,,,,,,,,
,,,,,,,,
,,,,,,,,
,,,,,,,,
,,,,,,,,
,,,,,,,,
,,,,,,,,
,,,,,,,,
,,,,,,,,
,,,,,,,,
,,,,,,,,
,,,,,,,,
,,,,,,,,
,,,,,,,,
,,,,,,,,
,,,,,,,,
,,,,,,,,
,,,,,,,,
,,,,,,,,
,,,,,,,,
,,,,,,,,
,,,,,,,,
,,,,,,,,
,,,,,,,,
,,,,,,,,
,,,,,,,,
,,,,,,,,
,,,,,,,,
,,,,,,,,
,,,,,,,,
,,,,,,,,
,,,,,,,,
,,,,,,,,
,,,,,,,,
,,,,,,,,
,,,,,,,,
,,,,,,,,
,,,,,,,,
,,,,,,,,
,,,,,,,,
,,,,,,,,
,,,,,,,,
,,,,,,,,
,,,,,,,,
,,,,,,,,
,,,,,,,,
,,,,,,,,
,,,,,,,,
,,,,,,,,
,,,,,,,,
,,,,,,,,
,,,,,,,,
,,,,,,,,
,,,,,,,,
,,,,,,,,
,,,,,,,,
,,,,,,,,
,,,,,,,,
,,,,,,,,
,,,,,,,,
,,,,,,,,
,,,,,,,,
,,,,,,,,
,,,,,,,,
,,,,,,,,
,,,,,,,,
,,,,,,,,
,,,,,,,,
,,,,,,,,
,,,,,,,,
,,,,,,,,
,,,,,,,,
,,,,,,,,
,,,,,,,,
,,,,,,,,
,,,,,,,,
,,,,,,,,
,,,,,,,,
,,,,,,,,
,,,,,,,,
,,,,,,,,
,,,,,,,,
,,,,,,,,
,,,,,,,,
,,,,,,,,
,,,,,,,,
,,,,,,,,
,,,,,,,,
,,,,,,,,
,,,,,,,,
,,,,,,,,
,,,,,,,,
,,,,,,,,
,,,,,,,,
,,,,,,,,
,,,,,,,,
,,,,,,,,
,,,,,,,,
,,,,,,,,
,,,,,,,,
,,,,,,,,
,,,,,,,,
,,,,,,,,
,,,,,,,,
,,,,,,,,
,,,,,,,,
,,,,,,,,
,,,,,,,,
,,,,,,,,
,,,,,,,,
,,,,,,,,
,,,,,,,,
,,,,,,,,
,,,,,,,,
,,,,,,,,
,,,,,,,,
,,,,,,,,
,,,,,,,,
,,,,,,,,
,,,,,,,,
,,,,,,,,
,,,,,,,,
,,,,,,,,
,,,,,,,,
,,,,,,,,
,,,,,,,,
,,,,,,,,
,,,,,,,,
,,,,,,,,
,,,,,,,,
,,,,,,,,
,,,,,,,,
,,,,,,,,
,,,,,,,,
,,,,,,,,
,,,,,,,,
,,,,,,,,
,,,,,,,,
,,,,,,,,
,,,,,,,,
,,,,,,,,
,,,,,,,,
,,,,,,,,
,,,,,,,,
,,,,,,,,
,,,,,,,,
,,,,,,,,
,,,,,,,,
,,,,,,,,
,,,,,,,,
,,,,,,,,
,,,,,,,,
,,,,,,,,
,,,,,,,,
,,,,,,,,
,,,,,,,,
,,,,,,,,
,,,,,,,,
,,,,,,,,
,,,,,,,,
,,,,,,,,
,,,,,,,,
,,,,,,,,
,,,,,,,,
,,,,,,,,
,,,,,,,,
,,,,,,,,
,,,,,,,,
,,,,,,,,
,,,,,,,,
,,,,,,,,
,,,,,,,,
,,,,,,,,
,,,,,,,,
,,,,,,,,
,,,,,,,,
,,,,,,,,
,,,,,,,,
,,,,,,,,
,,,,,,,,
,,,,,,,,
,,,,,,,,
,,,,,,,,
,,,,,,,,
,,,,,,,,
,,,,,,,,
,,,,,,,,
,,,,,,,,
,,,,,,,,
,,,,,,,,
,,,,,,,,
,,,,,,,,
,,,,,,,,
,,,,,,,,
,,,,,,,,
,,,,,,,,
,,,,,,,,
,,,,,,,,
,,,,,,,,
,,,,,,,,
,,,,,,,,
,,,,,,,,
,,,,,,,,
,,,,,,,,
,,,,,,,,
,,,,,,,,
,,,,,,,,
,,,,,,,,
,,,,,,,,
,,,,,,,,
,,,,,,,,
,,,,,,,,
,,,,,,,,
,,,,,,,,
,,,,,,,,
,,,,,,,,
,,,,,,,,
,,,,,,,,
,,,,,,,,
,,,,,,,,
,,,,,,,,
,,,,,,,,
,,,,,,,,
,,,,,,,,
,,,,,,,,
,,,,,,,,
,,,,,,,,
,,,,,,,,
,,,,,,,,
,,,,,,,,
,,,,,,,,
,,,,,,,,
,,,,,,,,
,,,,,,,,
,,,,,,,,
,,,,,,,,
,,,,,,,,
,,,,,,,,
,,,,,,,,
,,,,,,,,
,,,,,,,,
,,,,,,,,
,,,,,,,,
,,,,,,,,
,,,,,,,,
,,,,,,,,
,,,,,,,,
,,,,,,,,
,,,,,,,,
,,,,,,,,
,,,,,,,,
,,,,,,,,
,,,,,,,,
,,,,,,,,
,,,,,,,,
,,,,,,,,
,,,,,,,,
,,,,,,,,
,,,,,,,,
,,,,,,,,
,,,,,,,,
,,,,,,,,
,,,,,,,,
,,,,,,,,
,,,,,,,,
,,,,,,,,
,,,,,,,,
,,,,,,,,
,,,,,,,,
,,,,,,,,
,,,,,,,,
,,,,,,,,
,,,,,,,,
,,,,,,,,
,,,,,,,,
,,,,,,,,
,,,,,,,,
,,,,,,,,
,,,,,,,,
,,,,,,,,
,,,,,,,,
,,,,,,,,
,,,,,,,,
,,,,,,,,
,,,,,,,,
,,,,,,,,
,,,,,,,,
,,,,,,,,
,,,,,,,,
,,,,,,,,
,,,,,,,,
,,,,,,,,
,,,,,,,,
,,,,,,,,
,,,,,,,,
,,,,,,,,
,,,,,,,,
,,,,,,,,
,,,,,,,,
,,,,,,,,
,,,,,,,,
,,,,,,,,
,,,,,,,,
,,,,,,,,
,,,,,,,,
,,,,,,,,
,,,,,,,,
,,,,,,,,
,,,,,,,,
,,,,,,,,
,,,,,,,,
,,,,,,,,
,,,,,,,,
,,,,,,,,
,,,,,,,,
,,,,,,,,
,,,,,,,,
,,,,,,,,
,,,,,,,,
,,,,,,,,
,,,,,,,,
,,,,,,,,
,,,,,,,,
,,,,,,,,
,,,,,,,,
,,,,,,,,
,,,,,,,,
,,,,,,,,
,,,,,,,,
,,,,,,,,
,,,,,,,,
,,,,,,,,
,,,,,,,,
,,,,,,,,
,,,,,,,,
,,,,,,,,
,,,,,,,,
,,,,,,,,
,,,,,,,,
,,,,,,,,
,,,,,,,,
,,,,,,,,
,,,,,,,,
,,,,,,,,
,,,,,,,,
,,,,,,,,
,,,,,,,,
,,,,,,,,
,,,,,,,,
,,,,,,,,
,,,,,,,,
,,,,,,,,
,,,,,,,,
,,,,,,,,
,,,,,,,,
,,,,,,,,
,,,,,,,,
,,,,,,,,
,,,,,,,,
,,,,,,,,
,,,,,,,,
,,,,,,,,
,,,,,,,,
,,,,,,,,
,,,,,,,,
,,,,,,,,
2009,JUN,veg,1,1C,C,ZIZAQU,97,includes 2 % dead ck 6sep16
2009,JUN,veg,1,1C,C,BIDSPP,6,
2009,JUN,veg,1,1C,C,BARE,6,
2009,JUN,veg,1,1C,C,DET,4,
2009,JUN,veg,1,1X,X,ZIZAQU,70,includes 2 % dead ck 6sep16
2009,JUN,veg,1,1X,X,BIDLAE,7,changed to BIDLAE based on aug15 data ck 19oct15
2009,JUN,veg,1,1X,X,DET,6,
2009,JUN,veg,1,1X,X,TRASH,5,
2009,JUN,veg,1,1X,X,BARE,25,
2009,JUN,veg,2,2C,C,PELVIR,15,
2009,JUN,veg,2,2C,C,ZIZAQU,75,includes 2 % dead ck 6sep16
2009,JUN,veg,2,2C,C,TRASH,2,
2009,JUN,veg,2,2C,C,DET,5,
2009,JUN,veg,2,2C,C,BARE,20,
2009,JUN,veg,2,2C,C,BIDSPP,2,
2009,JUN,veg,2,2X,X,ZIZAQU,95,includes 3 % dead ck 6sep16
2009,JUN,veg,2,2X,X,BIDSPP,4,
2009,JUN,veg,2,2X,X,DET,5,
2009,JUN,veg,2,2X,X,BARE,10,
2009,JUN,veg,2,2X,X,TRASH,0.5,
2009,JUN,veg,3,3C,C,ZIZAQU,97,includes 2 % dead ck 6sep16
2009,JUN,veg,3,3C,C,BIDLAE,35,changed to BIDLAE based on aug15 data ck 19oct15
2009,JUN,veg,3,3C,C,DET,2,
2009,JUN,veg,3,3C,C,BARE,3,
2009,JUN,veg,3,3X,X,ZIZAQU,99,includes 4 % dead ck 6sep16
2009,JUN,veg,3,3X,X,BIDSPP,4,
2009,JUN,veg,3,3X,X,DET,1,
2009,JUN,veg,3,3X,X,BARE,5,
2009,JUN,veg,4,4C,C,ZIZAQU,85,includes 2 % dead ck 6sep16
2009,JUN,veg,4,4C,C,BIDSPP,12,
2009,JUN,veg,4,4C,C,TRASH,6,
2009,JUN,veg,4,4C,C,DET,3,
2009,JUN,veg,4,4C,C,BARE,8,
2009,JUN,veg,4,4X,X,ZIZAQU,60,includes 3 % dead ck 6sep16
2009,JUN,veg,4,4X,X,BIDLAE,30,changed to BIDLAE based on aug15 data ck 19oct15
2009,JUN,veg,4,4X,X,BARE,15,
2009,JUN,veg,4,4X,X,DET,8,
2009,JUN,veg,7,7C,C,PELVIR,95,includes 5 % dead ck 6sep16
2009,JUN,veg,7,7C,C,ZIZAQU,10,includes 0.5 % dead ck 6sep16
2009,JUN,veg,7,7C,C,DET,9,
2009,JUN,veg,7,7C,C,BARE,4,
2009,JUN,veg,7,7X,X,PELVIR,80,includes 1 % dead ck 6sep16
2009,JUN,veg,7,7X,X,ZIZAQU,20,
2009,JUN,veg,7,7X,X,BARE,7,
2009,JUN,veg,7,7X,X,DET,4,
2009,JUN,veg,7,7X,X,PONCOR,5,
2009,JUN,veg,8,8C,C,PELVIR,40,includes 2 % dead ck 6sep16
2009,JUN,veg,8,8C,C,ZIZAQU,50,
2009,JUN,veg,8,8C,C,DET,6,
2009,JUN,veg,8,8C,C,BARE,25,
2009,JUN,veg,8,8X,X,PELVIR,80,includes 2 % dead ck 6sep16
2009,JUN,veg,8,8X,X,ZIZAQU,30,
2009,JUN,veg,8,8X,X,DET,15,
2009,JUN,veg,8,8X,X,BARE,10,
2009,JUN,veg,11,11C,C,ZIZAQU,96,includes 1 % dead ck 6sep16
2009,JUN,veg,11,11C,C,BIDSPP,7,
2009,JUN,veg,11,11C,C,DET,1,
2009,JUN,veg,11,11C,C,BARE,1,
2009,JUN,veg,11,11X,X,ZIZAQU,90,
2009,JUN,veg,11,11X,X,PONCOR,12,
2009,JUN,veg,11,11X,X,BIDSPP,2,
2009,JUN,veg,11,11X,X,DET,1,
2009,JUN,veg,11,11X,X,BARE,3,
2009,JUN,veg,12,12C,C,PONCOR,70,
2009,JUN,veg,12,12C,C,NUPADV,3,changed from NUPLUT to NUPADV based on Flora of VA
2009,JUN,veg,12,12C,C,ZIZAQU,30,
2009,JUN,veg,12,12C,C,BIDFRO,1,
2009,JUN,veg,12,12C,C,BIDSPP,3,
2009,JUN,veg,12,12C,C,DET,2,
2009,JUN,veg,12,12C,C,BARE,15,
2009,JUN,veg,12,12X,X,ZIZAQU,45,
2009,JUN,veg,12,12X,X,PONCOR,10,
2009,JUN,veg,12,12X,X,BIDSPP,1,
2009,JUN,veg,12,12X,X,DET,4,
2009,JUN,veg,12,12X,X,BARE,40,
2009,AUG,veg,1,1C,C,BARE,100,
2009,AUG,veg,1,1C,C,DET,0.1,
2009,AUG,veg,1,1X,X,DET,30,
2009,AUG,veg,1,1X,X,ZIZAQU,100,includes 25 % dead ck 6sep16
2009,AUG,veg,1,1X,X,TYPLAT,4,
2009,AUG,veg,1,1X,X,BIDLAE,0.5,
2009,AUG,veg,1,1X,X,TRASH,2,
2009,AUG,veg,2,2C,C,BARE,98,
2009,AUG,veg,2,2C,C,DET,2,
2009,AUG,veg,2,2C,C,PELVIR,1,
2009,AUG,veg,2,2X,X,DET,30,
2009,AUG,veg,2,2X,X,ZIZAQU,100,includes 55 % dead ck 6sep16
2009,AUG,veg,2,2X,X,TRASH,0.5,
2009,AUG,veg,3,3C,C,DET,50,
2009,AUG,veg,3,3C,C,ZIZAQU,95,includes 45 % dead ck 6sep16
2009,AUG,veg,3,3C,C,BIDLAE,4,
2009,AUG,veg,3,3X,X,DET,25,
2009,AUG,veg,3,3X,X,ZIZAQU,100,includes 20 % dead ck 6sep16
2009,AUG,veg,4,4C,C,BARE,95,
2009,AUG,veg,4,4C,C,DET,4,
2009,AUG,veg,4,4C,C,ZIZAQU,0.2,includes 0.1 % dead ck 6sep16
2009,AUG,veg,4,4C,C,TRASH,1,
2009,AUG,veg,4,4X,X,DET,45,
2009,AUG,veg,4,4X,X,ZIZAQU,100,includes 25 % dead ck 6sep16
2009,AUG,veg,4,4X,X,TRASH,5,
2009,AUG,veg,4,4X,X,BIDLAE,7,
2009,AUG,veg,4,4X,X,PELVIR,0.1,
2009,AUG,veg,4,4X,X,SAGLAT,1,
2009,AUG,veg,7,7C,C,BARE,25,
2009,AUG,veg,7,7C,C,DET,1,
2009,AUG,veg,7,7C,C,ZIZAQU,3,includes 0.5 % dead ck 6sep16
2009,AUG,veg,7,7C,C,PELVIR,80,includes 4 % dead ck 6sep16
2009,AUG,veg,7,7C,C,TRASH,2,
2009,AUG,veg,7,7X,X,BARE,5,
2009,AUG,veg,7,7X,X,DET,15,
2009,AUG,veg,7,7X,X,ZIZAQU,90,includes 45 % dead ck 6sep16
2009,AUG,veg,7,7X,X,PELVIR,15,
2009,AUG,veg,8,8C,C,BARE,50,
2009,AUG,veg,8,8C,C,DET,2,
2009,AUG,veg,8,8C,C,PELVIR,50,includes 2 % dead ck 6sep16
2009,AUG,veg,8,8X,X,BARE,20,
2009,AUG,veg,8,8X,X,DET,2,
2009,AUG,veg,8,8X,X,ZIZAQU,25,includes 15 % dead ck 6sep16
2009,AUG,veg,8,8X,X,PELVIR,55,includes 4 % dead ck 6sep16
2009,AUG,veg,11,11C,C,BARE,100,
2009,AUG,veg,11,11C,C,DET,0.1,
2009,AUG,veg,11,11X,X,BARE,5,
2009,AUG,veg,11,11X,X,DET,25,
2009,AUG,veg,11,11X,X,ZIZAQU,95,includes 40 % dead ck 6sep16
2009,AUG,veg,12,12C,C,BARE,9,
2009,AUG,veg,12,12C,C,DET,8,
2009,AUG,veg,12,12C,C,ZIZAQU,6,includes 0.5 % dead ck 6sep16
2009,AUG,veg,12,12C,C,PONCOR,85,includes 15 % dead ck 6sep16
2009,AUG,veg,12,12C,C,TRASH,9,
2009,AUG,veg,12,12X,X,BARE,5,
2009,AUG,veg,12,12X,X,DET,20,
2009,AUG,veg,12,12X,X,ZIZAQU,95,includes 20 % dead ck 6sep16
2010,JUN,veg,1,1C,C,BARE,90,
2010,JUN,veg,1,1C,C,DET,10,
2010,JUN,veg,1,1C,C,ZIZAQU,0.1,
2010,JUN,veg,1,1X,X,BARE,30,
2010,JUN,veg,1,1X,X,DET,4,
2010,JUN,veg,1,1X,X,TRASH,0.5,
2010,JUN,veg,1,1X,X,BIDFRO,0.1,
2010,JUN,veg,1,1X,X,BIDCON,0.1,
2010,JUN,veg,1,1X,X,PERPUN,1,changed from POLSP/RUMEX to POLPUN based on AUG10 data ck 23feb11
2010,JUN,veg,1,1X,X,PELVIR,3,
2010,JUN,veg,1,1X,X,ZIZAQU,5,
2010,JUN,veg,1,1X,X,TYPLAT,60,
2010,JUN,veg,2,2C,C,BARE,99,
2010,JUN,veg,2,2C,C,DET,1,
2010,JUN,veg,2,2C,C,TRASH,0.5,
2010,JUN,veg,2,2C,C,ZIZAQU,0.1,
2010,JUN,veg,2,2X,X,BARE,90,
2010,JUN,veg,2,2X,X,DET,2,
2010,JUN,veg,2,2X,X,PELVIR,1,
2010,JUN,veg,2,2X,X,ZIZAQU,5,
2010,JUN,veg,3,3C,C,BARE,95,
2010,JUN,veg,3,3C,C,DET,3,
2010,JUN,veg,3,3C,C,TRASH,0.1,
2010,JUN,veg,3,3C,C,ZIZAQU,2,
2010,JUN,veg,3,3X,X,BARE,15,
2010,JUN,veg,3,3X,X,DET,2,
2010,JUN,veg,3,3X,X,ZIZAQU,85,
2010,JUN,veg,4,4C,C,BARE,95,
2010,JUN,veg,4,4C,C,DET,4,
2010,JUN,veg,4,4C,C,TRASH,3,
2010,JUN,veg,4,4C,C,PERSPP,0.5,
2010,JUN,veg,4,4C,C,PELVIR,0.1,
2010,JUN,veg,4,4C,C,ZIZAQU,0.1,
2010,JUN,veg,4,4X,X,BARE,50,
2010,JUN,veg,4,4X,X,DET,3,
2010,JUN,veg,4,4X,X,TRASH,0.1,
2010,JUN,veg,4,4X,X,PONCOR,0.5,
2010,JUN,veg,4,4X,X,PELVIR,2,
2010,JUN,veg,4,4X,X,SAGLAT,0.1,
2010,JUN,veg,4,4X,X,MURKEI,1,
2010,JUN,veg,4,4X,X,BIDCON,2,
2010,JUN,veg,4,4X,X,ZIZAQU,40,
2010,JUN,veg,7,7C,C,BIDLAE,2,changed from BIDCON to BIDLAE based on AUG10 data ck 23feb11
2010,JUN,veg,7,7C,C,PELVIR,85,
2010,JUN,veg,7,7C,C,ZIZAQU,10,
2010,JUN,veg,7,7C,C,TYPSPP,0.5,changed from TYPLAT to TYPSPP ck 23aug17
2010,JUN,veg,7,7X,X,BARE,8,
2010,JUN,veg,7,7X,X,ZIZAQU,20,
2010,JUN,veg,7,7X,X,PONCOR,10,
2010,JUN,veg,7,7X,X,PELVIR,95,includes 3 % dead ck 6sep16
2010,JUN,veg,8,8C,C,BARE,50,
2010,JUN,veg,8,8C,C,DET,1,
2010,JUN,veg,8,8C,C,TRASH,2,
2010,JUN,veg,8,8C,C,ZIZAQU,2,
2010,JUN,veg,8,8C,C,PELVIR,45,
2010,JUN,veg,8,8X,X,BARE,5,
2010,JUN,veg,8,8X,X,DET,0.5,
2010,JUN,veg,8,8X,X,ZIZAQU,10,
2010,JUN,veg,8,8X,X,PELVIR,85,
2010,JUN,veg,11,11C,C,BARE,99,
2010,JUN,veg,11,11C,C,DET,0.1,
2010,JUN,veg,11,11C,C,PONCOR,1,
2010,JUN,veg,11,11X,X,BARE,15,
2010,JUN,veg,11,11X,X,DET,25,
2010,JUN,veg,11,11X,X,PELVIR,1,
2010,JUN,veg,11,11X,X,ZIZAQU,60,includes 1 % dead ck 6sep16
2010,JUN,veg,11,11X,X,UNKOPP,0.1,
2010,JUN,veg,12,12C,C,BARE,85,
2010,JUN,veg,12,12C,C,DET,3,
2010,JUN,veg,12,12C,C,PONCOR,2,
2010,JUN,veg,12,12C,C,NUPADV,12,changed from NUPLUT to NUPADV based on Flora of VA
2010,JUN,veg,12,12X,X,BARE,20,
2010,JUN,veg,12,12X,X,DET,25,
2010,JUN,veg,12,12X,X,BIDFRO,1,
2010,JUN,veg,12,12X,X,PERSPP,3,
2010,JUN,veg,12,12X,X,PELVIR,2,
2010,JUN,veg,12,12X,X,ZIZAQU,50,
2010,AUG,veg,1,1C,C,BARE,100,
2010,AUG,veg,1,1C,C,DET,0.5,
2010,AUG,veg,1,1X,X,BARE,10,
2010,AUG,veg,1,1X,X,DET,10,
2010,AUG,veg,1,1X,X,PERPUN,2,
2010,AUG,veg,1,1X,X,PELVIR,2,
2010,AUG,veg,1,1X,X,ZIZAQU,45,includes 1 % dead ck 6sep16
2010,AUG,veg,1,1X,X,TYPLAT,60,
2010,AUG,veg,2,2C,C,BARE,100,
2010,AUG,veg,2,2C,C,DET,0.1,
2010,AUG,veg,2,2C,C,TRASH,0.1,
2010,AUG,veg,2,2X,X,BARE,96,
2010,AUG,veg,2,2X,X,DET,1,
2010,AUG,veg,2,2X,X,TRASH,0.1,
2010,AUG,veg,2,2X,X,ZIZAQU,1,
2010,AUG,veg,2,2X,X,PONCOR,2,
2010,AUG,veg,3,3C,C,BARE,98,
2010,AUG,veg,3,3C,C,DET,2,
2010,AUG,veg,3,3X,X,BARE,4,
2010,AUG,veg,3,3X,X,DET,8,
2010,AUG,veg,3,3X,X,TRASH,1,
2010,AUG,veg,3,3X,X,ZIZAQU,95,includes 5 % dead ck 6sep16
2010,AUG,veg,3,3X,X,PELVIR,0.5,
2010,AUG,veg,3,3X,X,PONCOR,0.1,
2010,AUG,veg,4,4C,C,BARE,100,
2010,AUG,veg,4,4C,C,DET,0.5,
2010,AUG,veg,4,4X,X,BARE,60,
2010,AUG,veg,4,4X,X,DET,2,
2010,AUG,veg,4,4X,X,TRASH,0.5,
2010,AUG,veg,4,4X,X,PONCOR,3,
2010,AUG,veg,4,4X,X,PERPUN,0.5,
2010,AUG,veg,4,4X,X,PELVIR,1,
2010,AUG,veg,4,4X,X,MURKEI,0.5,
2010,AUG,veg,4,4X,X,ZIZAQU,35,
2010,AUG,veg,7,7C,C,BARE,10,
2010,AUG,veg,7,7C,C,DET,2,
2010,AUG,veg,7,7C,C,TRASH,1,
2010,AUG,veg,7,7C,C,ZIZAQU,5,
2010,AUG,veg,7,7C,C,PELVIR,85,
2010,AUG,veg,7,7C,C,BIDLAE,4,
2010,AUG,veg,7,7X,X,BARE,20,
2010,AUG,veg,7,7X,X,DET,4,
2010,AUG,veg,7,7X,X,ZIZAQU,3,
2010,AUG,veg,7,7X,X,PELVIR,70,includes 5 % dead ck 6sep16
2010,AUG,veg,7,7X,X,PONCOR,5,
2010,AUG,veg,8,8C,C,BARE,40,
2010,AUG,veg,8,8C,C,DET,1,
2010,AUG,veg,8,8C,C,TRASH,0.1,
2010,AUG,veg,8,8C,C,ZIZAQU,3,
2010,AUG,veg,8,8C,C,PELVIR,60,includes 3 % dead ck 6sep16
2010,AUG,veg,8,8X,X,BARE,15,
2010,AUG,veg,8,8X,X,DET,3,
2010,AUG,veg,8,8X,X,TRASH,1,
2010,AUG,veg,8,8X,X,ZIZAQU,6,
2010,AUG,veg,8,8X,X,PELVIR,80,includes 4 % dead ck 6sep16
2010,AUG,veg,11,11C,C,BARE,100,
2010,AUG,veg,11,11X,X,DET,2,
2010,AUG,veg,11,11X,X,TRASH,1,
2010,AUG,veg,11,11X,X,ZIZAQU,100,includes 10 % dead ck 6sep16
2010,AUG,veg,11,11X,X,PELVIR,0.1,
2010,AUG,veg,12,12C,C,BARE,90,
2010,AUG,veg,12,12C,C,DET,1,
2010,AUG,veg,12,12C,C,NUPADV,10,changed from NUPLUT to NUPADV based on Flora of VA
2010,AUG,veg,12,12C,C,PERPUN,0.5,
2010,AUG,veg,12,12X,X,DET,3,
2010,AUG,veg,12,12X,X,ZIZAQU,100,includes 15 % dead ck 6sep16
2010,AUG,veg,12,12X,X,PELVIR,0.5,
2011,JUN,veg,1,1C,C,DET,1,
2011,JUN,veg,1,1C,C,BARE,99,
2011,JUN,veg,1,1X,X,BARE,3,
2011,JUN,veg,1,1X,X,DET,90,
2011,JUN,veg,1,1X,X,TRASH,1,
2011,JUN,veg,1,1X,X,PELVIR,5,
2011,JUN,veg,1,1X,X,TYPLAT,7,
2011,JUN,veg,1,1X,X,,,"1X COM: most of sampling plot = detritus; live TYPLAT outside of sampling plot; if separate out standing dead, dTYPLAT=6, DET=85; since clearly not produced this yr, kept as DET ck 3mar12"
2011,JUN,veg,2,2C,C,BARE,99,
2011,JUN,veg,2,2C,C,DET,0.5,
2011,JUN,veg,2,2C,C,PERPUN,0.5,
2011,JUN,veg,2,2X,X,DET,2,
2011,JUN,veg,2,2X,X,PONCOR,25,includes 0.1 % dead ck 6sep16
2011,JUN,veg,2,2X,X,ZIZAQU,8,
2011,JUN,veg,2,2X,X,PELVIR,2,
2011,JUN,veg,2,2X,X,BARE,65,"63 rounded to 65, nearest multiple of 5 ck 28feb12"
2011,JUN,veg,2,2X,X,,,2X COM: PONCOR measuring 1 ht per crown; PONCOR not grazed; ZIZAQU all grazed
2011,JUN,veg,3,3C,C,BARE,99,
2011,JUN,veg,3,3C,C,DET,0.5,
2011,JUN,veg,3,3C,C,TRASH,0.5,
2011,JUN,veg,3,3C,C,PELVIR,0.1,
2011,JUN,veg,3,3C,C,ZIZAQU,0.1,
2011,JUN,veg,3,3X,X,DET,2,
2011,JUN,veg,3,3X,X,TRASH,0.1,
2011,JUN,veg,3,3X,X,PELVIR,5,
2011,JUN,veg,3,3X,X,PONCOR,0.5,
2011,JUN,veg,3,3X,X,PERPUN,1,
2011,JUN,veg,3,3X,X,ZIZAQU,60,
2011,JUN,veg,3,3X,X,BIDSPP,0.1,
2011,JUN,veg,3,3X,X,BARE,30,
2011,JUN,veg,3,3X,X,,,3X COM: all of ZIZAQU grazed
2011,JUN,veg,4,,,,,"M4 COM: species cover = total, also noting dead "
2011,JUN,veg,4,4C,C,BARE,99,
2011,JUN,veg,4,4C,C,DET,0.5,
2011,JUN,veg,4,4C,C,PERPUN,0.1,
2011,JUN,veg,4,4X,X,DET,1,
2011,JUN,veg,4,4X,X,TRASH,0.1,
2011,JUN,veg,4,4X,X,ZIZAQU,6,
2011,JUN,veg,4,4X,X,PONCOR,15,includes 0.5 % dead ck 6sep16
2011,JUN,veg,4,4X,X,PERPUN,6,
2011,JUN,veg,4,4X,X,MURKEI,2,
2011,JUN,veg,4,4X,X,BARE,70,
2011,JUN,veg,4,4X,X,,,"4X COM: most of ZIZAQU nipped, looks like old herbivory (except now have Scott's photos showing goslings inside grazing not that long ago)"
2011,JUN,veg,7,7C,C,BARE,5,
2011,JUN,veg,7,7C,C,DET,1,
2011,JUN,veg,7,7C,C,TRASH,2,
2011,JUN,veg,7,7C,C,PELVIR,95,includes 1 % dead ck 6sep16
2011,JUN,veg,7,7C,C,ZIZAQU,0.1,
2011,JUN,veg,7,7X,X,DET,1,
2011,JUN,veg,7,7X,X,PELVIR,95,
2011,JUN,veg,7,7X,X,PONCOR,10,
2011,JUN,veg,7,7X,X,ZIZAQU,1,
2011,JUN,veg,7,7X,X,,,"7X COM: ZIZAQU all grazed, other spp not"
2011,JUN,veg,8,8C,C,BARE,31,
2011,JUN,veg,8,8C,C,DET,2,
2011,JUN,veg,8,8C,C,TRASH,1,
2011,JUN,veg,8,8C,C,PELVIR,65,
2011,JUN,veg,8,8C,C,PERPUN,0.1,
2011,JUN,veg,8,8C,C,JUNSPP,0.1,
2011,JUN,veg,8,8C,C,ZIZAQU,1,"8C COM: PELVIR ungrazed, 1 ZIZAQU in PELVIR, ungrazed"
2011,JUN,veg,8,8X,X,DET,2,
2011,JUN,veg,8,8X,X,PELVIR,100,includes 2 % dead ck 6sep16
2011,JUN,veg,8,8X,X,ZIZAQU,3,
2011,JUN,veg,8,8X,X,,,"8X COM: PELVIR not grazed; ZIZAQU grazed in open, ungrazed in PELVIR"
2011,JUN,veg,11,11C,C,BARE,99,
2011,JUN,veg,11,11C,C,DET,0.1,
2011,JUN,veg,11,11C,C,TRASH,0.5,
2011,JUN,veg,11,11X,X,BARE,10,
2011,JUN,veg,11,11X,X,DET,75,
2011,JUN,veg,11,11X,X,TRASH,1,
2011,JUN,veg,11,11X,X,ZIZAQU,35,
2011,JUN,veg,11,11X,X,PELVIR,0.5,
2011,JUN,veg,11,11X,X,PERPUN,0.1,
2011,JUN,veg,11,11X,X,,,"11X COM: ZIZAQU all grazed, but taller than at N end; PONCOR also grazed"
2011,JUN,veg,12,12C,C,BARE,55,
2011,JUN,veg,12,12C,C,TRASH,1,
2011,JUN,veg,12,12C,C,NUPADV,45,includes 1 % dead ck 6sep16; changed from NUPLUT to NUPADV based on Flora of VA
2011,JUN,veg,12,12C,C,PELVIR,0.1,
2011,JUN,veg,12,12C,C,,,12C COM: caterpillar browsing NUPHAR- photo
2011,JUN,veg,12,12X,X,BARE,3,
2011,JUN,veg,12,12X,X,DET,97,
2011,JUN,veg,12,12X,X,TRASH,2,
2011,JUN,veg,12,12X,X,PELVIR,2,
2011,JUN,veg,12,12X,X,PERSPP,3,
2011,JUN,veg,12,12X,X,ZIZAQU,4,
2011,JUN,veg,12,12X,X,NUPADV,3,changed from NUPLUT to NUPADV based on Flora of VA
2011,JUN,veg,12,12X,X,,,12X COM: ZIZAQU all browsed; PELVIR browsed; NUPHAR not browsed; PONCOR heavily browsed
2011,AUG,veg,1,1C,C,BARE,99,
2011,AUG,veg,1,1C,C,DET,1,
2011,AUG,veg,1,1X,X,BARE,55,
2011,AUG,veg,1,1X,X,DET,40,
2011,AUG,veg,1,1X,X,PELVIR,2,
2011,AUG,veg,1,1X,X,BIDSPP,0.5,
2011,AUG,veg,1,1X,X,,,1X COM: lots of dead typha
2011,AUG,veg,2,2C,C,BARE,100,
2011,AUG,veg,2,2C,C,DET,0.5,
2011,AUG,veg,2,2X,X,DET,2,
2011,AUG,veg,2,2X,X,PERPUN,3,
2011,AUG,veg,2,2X,X,MURKEI,1,
2011,AUG,veg,2,2X,X,PONCOR,95,includes 4 % dead ck 6sep16
2011,AUG,veg,3,3C,C,BARE,99,
2011,AUG,veg,3,3C,C,DET,0.1,
2011,AUG,veg,3,3C,C,TRASH,1,
2011,AUG,veg,3,3X,X,DET,3,
2011,AUG,veg,3,3X,X,PERPUN,3,includes 0.1 % dead ck 6sep16
2011,AUG,veg,3,3X,X,PELVIR,3,
2011,AUG,veg,3,3X,X,PONCOR,20,includes 1 % dead ck 6sep16
2011,AUG,veg,3,3X,X,BARE,70,
2011,AUG,veg,4,4C,C,BARE,92,
2011,AUG,veg,4,4C,C,DET,1,
2011,AUG,veg,4,4C,C,TRASH,0.1,
2011,AUG,veg,4,4C,C,WOOD,7,
2011,AUG,veg,4,4X,X,DET,5,
2011,AUG,veg,4,4X,X,PERPUN,8,
2011,AUG,veg,4,4X,X,ZIZAQU,1,
2011,AUG,veg,4,4X,X,PONCOR,60,includes 1 % dead ck 6sep16
2011,AUG,veg,7,7C,C,BARE,2,
2011,AUG,veg,7,7C,C,DET,0.1,
2011,AUG,veg,7,7C,C,PELVIR,95,includes 3 % dead ck 6sep16
2011,AUG,veg,7,7X,X,BARE,5,
2011,AUG,veg,7,7X,X,DET,1,
2011,AUG,veg,7,7X,X,PONCOR,10,includes 3 % dead ck 6sep16
2011,AUG,veg,7,7X,X,PELVIR,85,includes 3 % dead ck 6sep16
2011,AUG,veg,7,7X,X,,,7X COM: AMACAN not in plot
2011,AUG,veg,8,8C,C,BARE,25,
2011,AUG,veg,8,8C,C,DET,2,
2011,AUG,veg,8,8C,C,TRASH,0.5,
2011,AUG,veg,8,8C,C,WOOD,2,
2011,AUG,veg,8,8C,C,PELVIR,70,includes 3 % dead ck 6sep16
2011,AUG,veg,8,8X,X,BARE,8,
2011,AUG,veg,8,8X,X,DET,1,
2011,AUG,veg,8,8X,X,PELVIR,90,includes 6 % dead ck 6sep16
2011,AUG,veg,8,8X,X,ZIZAQU,1,
2011,AUG,veg,8,8X,X,,,8x COM: a couple of rice stalks w/in exclosure but not in plot
2011,AUG,veg,11,11C,C,BARE,100,
2011,AUG,veg,11,11C,C,DET,0.1,
2011,AUG,veg,11,11X,X,BARE,30,
2011,AUG,veg,11,11X,X,DET,2,
2011,AUG,veg,11,11X,X,TRASH,0.1,
2011,AUG,veg,11,11X,X,PERPUN,0.5,
2011,AUG,veg,11,11X,X,ZIZAQU,10,includes 1 % dead ck 6sep16
2011,AUG,veg,11,11X,X,PELVIR,2,
2011,AUG,veg,11,11X,X,PONCOR,55,includes 1 % dead ck 6sep16
2011,AUG,veg,12,12C,C,BARE,75,
2011,AUG,veg,12,12C,C,DET,1,
2011,AUG,veg,12,12C,C,TRASH,1,
2011,AUG,veg,12,12C,C,NUPADV,35,includes 3 % dead ck 6sep16; changed from NUPLUT to NUPADV based on Flora of VA
2011,AUG,veg,12,12C,C,,,12C COM: even NUPHAR has been browsed
2011,AUG,veg,12,12X,X,DET,1,
2011,AUG,veg,12,12X,X,TRASH,0.1,
2011,AUG,veg,12,12X,X,NUPADV,5,includes 2 % dead ck 6sep16; changed from NUPLUT to NUPADV based on Flora of VA
2011,AUG,veg,12,12X,X,PONCOR,5,includes 0.5 % dead ck 6sep16
2011,AUG,veg,12,12X,X,PELVIR,5,
2011,AUG,veg,12,12X,X,PERHYD,3,
2011,AUG,veg,12,12X,X,PERSPP,2,red thumb print
2011,AUG,veg,12,12X,X,PERPUN,25,
2011,AUG,veg,12,12X,X,BARE,50,
2012,JUN,veg,1,1C,C,BARE,100,
2012,JUN,veg,1,1C,C,DET,0.1,
2012,JUN,veg,1,1C,C,NUPADV,0.1,sdlng; changed from NUPLUT to NUPADV based on Flora of VA
2012,JUN,veg,1,1X,X,BARE,5,
2012,JUN,veg,1,1X,X,DET,4,"consists of 3 Typha dead not attached, 0.5 Typha dead attached, 0.5 other"
2012,JUN,veg,1,1X,X,TRASH,0.1,
2012,JUN,veg,1,1X,X,ZIZAQU,45,
2012,JUN,veg,1,1X,X,PONCOR,35,
2012,JUN,veg,1,1X,X,PELVIR,10,
2012,JUN,veg,1,1X,X,PERPUN,20,
2012,JUN,veg,1,1X,X,MURKEI,2,
2012,JUN,veg,1,1X,X,,,1X COM: elevational gradient rises away from gate
2012,JUN,veg,2,2C,C,BARE,99,
2012,JUN,veg,2,2C,C,DET,1,
2012,JUN,veg,2,2C,C,TRASH,0.1,
2012,JUN,veg,2,2X,X,BARE,1,
2012,JUN,veg,2,2X,X,DET,0.5,
2012,JUN,veg,2,2X,X,PONCOR,99,
2012,JUN,veg,2,2X,X,PERPUN,15,
2012,JUN,veg,2,2X,X,SCHTAB,0.5,"yes, based on aug12"
2012,JUN,veg,2,2X,X,,,"2X COM: PONCOR dense, some herbivory around edges"
2012,JUN,veg,3,3C,C,BARE,98,
2012,JUN,veg,3,3C,C,DET,0.5,
2012,JUN,veg,3,3C,C,TRASH,0.5,
2012,JUN,veg,3,3C,C,NUPADV,0.5,sdlng; changed from NUPLUT to NUPADV based on Flora of VA
2012,JUN,veg,3,3C,C,,,3C COM: 3 small NUPLUT sdlngs
2012,JUN,veg,3,3X,X,BARE,15,
2012,JUN,veg,3,3X,X,DET,1,
2012,JUN,veg,3,3X,X,TRASH,1,
2012,JUN,veg,3,3X,X,ZIZAQU,10,
2012,JUN,veg,3,3X,X,PONCOR,60,
2012,JUN,veg,3,3X,X,PERPUN,7,
2012,JUN,veg,3,3X,X,PELVIR,3,
2012,JUN,veg,3,3X,X,ECLPRO,1,"long, skinny leaves"
2012,JUN,veg,3,3X,X,ECHMUR,0.5,reviewed specimen from 3X 2012 on 24oct19
2012,JUN,veg,3,3X,X,LUDPEP,0.1,
2012,JUN,veg,3,3X,X,,,"3X COM: some herbivory of ZIZAQU near edges, not interior; elev gradient rises away from gate"
2012,JUN,veg,4,4C,C,BARE,98,
2012,JUN,veg,4,4C,C,DET,1,
2012,JUN,veg,4,4C,C,TRASH,0.5,
2012,JUN,veg,4,4C,C,NUPADV,0.1,changed from NUPLUT to NUPADV based on Flora of VA
2012,JUN,veg,4,4X,X,BARE,6,
2012,JUN,veg,4,4X,X,DET,1,
2012,JUN,veg,4,4X,X,TRASH,0.5,
2012,JUN,veg,4,4X,X,PONCOR,80,
2012,JUN,veg,4,4X,X,ZIZAQU,3,
2012,JUN,veg,4,4X,X,BIDFRO,0.5,
2012,JUN,veg,4,4X,X,PERPUN,9,
2012,JUN,veg,4,4X,X,BIDLAE,3,
2012,JUN,veg,4,4X,X,MURKEI,1,
2012,JUN,veg,4,4X,X,,,"4X COM: some ZIZAQU browsed, some unbrowsed"
2012,JUN,veg,7,7C,C,BARE,1,
2012,JUN,veg,7,7C,C,DET,1,
2012,JUN,veg,7,7C,C,PELVIR,99,
2012,JUN,veg,7,7X,X,BARE,1,
2012,JUN,veg,7,7X,X,DET,1,
2012,JUN,veg,7,7X,X,PELVIR,99,
2012,JUN,veg,7,7X,X,PONCOR,6,
2012,JUN,veg,7,7X,X,,,"7X COM: gradient rises away from gate, but also hump near gate"
2012,JUN,veg,8,8C,C,BARE,10,
2012,JUN,veg,8,8C,C,DET,2,
2012,JUN,veg,8,8C,C,TRASH,0.5,
2012,JUN,veg,8,8C,C,ZIZAQU,1,
2012,JUN,veg,8,8C,C,PELVIR,90,
2012,JUN,veg,8,8X,X,BARE,1,
2012,JUN,veg,8,8X,X,DET,1,
2012,JUN,veg,8,8X,X,PELVIR,99,
2012,JUN,veg,8,8X,X,ZIZAQU,2,
2012,JUN,veg,11,11C,C,BARE,97,
2012,JUN,veg,11,11C,C,DET,1,
2012,JUN,veg,11,11C,C,NUPADV,2,changed from NUPLUT to NUPADV based on Flora of VA
2012,JUN,veg,11,11C,C,,,"11C COM: adjac. NUPLUT, not rooted in, is being attacked by small beetles and larvae"
2012,JUN,veg,11,11X,X,DET,2,
2012,JUN,veg,11,11X,X,PONCOR,98,
2012,JUN,veg,11,11X,X,ZIZAQU,11,
2012,JUN,veg,11,11X,X,PERPUN,3,
2012,JUN,veg,11,11X,X,BIDFRO,0.5,
2012,JUN,veg,12,12C,C,BARE,15,
2012,JUN,veg,12,12C,C,DET,2,
2012,JUN,veg,12,12C,C,NUPADV,85,changed from NUPLUT to NUPADV based on Flora of VA
2012,JUN,veg,12,12C,C,PERPUN,0.5,
2012,JUN,veg,12,12X,X,DET,3,
2012,JUN,veg,12,12X,X,ZIZAQU,12,
2012,JUN,veg,12,12X,X,PONCOR,15,
2012,JUN,veg,12,12X,X,PELVIR,10,
2012,JUN,veg,12,12X,X,NUPADV,5,changed from NUPLUT to NUPADV based on Flora of VA
2012,JUN,veg,12,12X,X,PERPUN,95,"12X COM: 1% currently looks like POLHYD with red, zigzag stem"
2012,JUN,veg,12,12X,X,PERHYD,1,
2012,JUN,veg,3,3X,X,UNKOPP,0.1,"wider leaves, but may have been ECLPRO"
2012,AUG,veg,1,1C,C,BARE,100,
2012,AUG,veg,1,1C,C,DET,0.5,
2012,AUG,veg,1,1X,X,BARE,4,
2012,AUG,veg,1,1X,X,DET,9,
2012,AUG,veg,1,1X,X,PERPUN,55,
2012,AUG,veg,1,1X,X,PELVIR,7,
2012,AUG,veg,1,1X,X,PONCOR,25,
2012,AUG,veg,1,1X,X,ZIZAQU,3,
2012,AUG,veg,1,1X,X,ECHSPP,5,"purple fruits; can't locate any specimens from 1X, therefore going with spp"
2012,AUG,veg,1,1X,X,LEEORY,0.5,
2012,AUG,veg,1,1X,X,,,1X COM: rechecked for MURKEI 8/24/12
2012,AUG,veg,2,2C,C,BARE,98,
2012,AUG,veg,2,2C,C,DET,2,
2012,AUG,veg,2,2C,C,TRASH,0.1,
2012,AUG,veg,2,2X,X,BARE,2,
2012,AUG,veg,2,2X,X,DET,4,
2012,AUG,veg,2,2X,X,ZIZAQU,3,
2012,AUG,veg,2,2X,X,PERPUN,25,
2012,AUG,veg,2,2X,X,PONCOR,90,
2012,AUG,veg,2,2X,X,,,2X COM: SCHTAB in gate corner
2012,AUG,veg,3,3C,C,BARE,99,
2012,AUG,veg,3,3C,C,DET,0.5,
2012,AUG,veg,3,3C,C,NUPADV,0.5,changed from NUPLUT to NUPADV based on Flora of VA
2012,AUG,veg,3,3X,X,BARE,10,
2012,AUG,veg,3,3X,X,DET,7,
2012,AUG,veg,3,3X,X,ZIZAQU,5,
2012,AUG,veg,3,3X,X,ECHMUR,7,reviewed specimen 24oct19
2012,AUG,veg,3,3X,X,PELVIR,10,
2012,AUG,veg,3,3X,X,PONCOR,25,
2012,AUG,veg,3,3X,X,PERPUN,3,
2012,AUG,veg,3,3X,X,LUDPEP,2,
2012,AUG,veg,3,3X,X,PERHYD,4,
2012,AUG,veg,4,4C,C,BARE,100,
2012,AUG,veg,4,4C,C,DET,0.5,
2012,AUG,veg,4,4X,X,BARE,10,
2012,AUG,veg,4,4X,X,DET,5,
2012,AUG,veg,4,4X,X,ZIZAQU,2,
2012,AUG,veg,4,4X,X,PERPUN,30,
2012,AUG,veg,4,4X,X,ECHSPP,2,"purple fruits; can't locate any specimens from 4X, therefore going with spp"
2012,AUG,veg,4,4X,X,LEEORY,2,
2012,AUG,veg,4,4X,X,PONCOR,75,
2012,AUG,veg,4,4X,X,PELVIR,4,
2012,AUG,veg,4,4X,X,ECLPRO,2,"long, skinny leaves- browsed"
2012,AUG,veg,4,4X,X,,,4X COM: rechecked for MURKEI 8/24/12
2012,AUG,veg,7,7C,C,BARE,5,
2012,AUG,veg,7,7C,C,TRASH,1,
2012,AUG,veg,7,7C,C,PELVIR,95,
2012,AUG,veg,7,7X,X,BARE,15,
2012,AUG,veg,7,7X,X,DET,2,
2012,AUG,veg,7,7X,X,PELVIR,60,
2012,AUG,veg,7,7X,X,PONCOR,15,
2012,AUG,veg,7,7X,X,PERPUN,6,
2012,AUG,veg,7,7X,X,ZIZAQU,1,
2012,AUG,veg,8,8C,C,BARE,35,
2012,AUG,veg,8,8C,C,ZIZAQU,5,
2012,AUG,veg,8,8C,C,PELVIR,65,
2012,AUG,veg,8,8X,X,BARE,7,
2012,AUG,veg,8,8X,X,DET,2,
2012,AUG,veg,8,8X,X,ZIZAQU,3,
2012,AUG,veg,8,8X,X,PELVIR,90,
2012,AUG,veg,8,8X,X,,,"8X COM: ZIZAQU & POLPUN in excl, but out of study plot"
2012,AUG,veg,11,11C,C,BARE,93,
2012,AUG,veg,11,11C,C,DET,0.5,
2012,AUG,veg,11,11C,C,NUPADV,7,changed from NUPLUT to NUPADV based on Flora of VA
2012,AUG,veg,11,11X,X,BARE,2,
2012,AUG,veg,11,11X,X,PERPUN,30,
2012,AUG,veg,11,11X,X,PONCOR,90,
2012,AUG,veg,11,11X,X,ZIZAQU,2,
2012,AUG,veg,11,11X,X,PELVIR,1,
2012,AUG,veg,11,11X,X,,,"11X COM: lots of senescing PONCOR, some hung up on stringing"
2012,AUG,veg,12,12C,C,BARE,35,
2012,AUG,veg,12,12C,C,DET,1,
2012,AUG,veg,12,12C,C,NUPADV,65,changed from NUPLUT to NUPADV based on Flora of VA
2012,AUG,veg,12,12X,X,SAGLAT,3,
2012,AUG,veg,12,12X,X,PONCOR,10,
2012,AUG,veg,12,12X,X,PERPUN,80,
2012,AUG,veg,12,12X,X,CUSGRO,15,
2012,AUG,veg,12,12X,X,PELVIR,6,
2012,AUG,veg,12,12X,X,NUPADV,3,changed from NUPLUT to NUPADV based on Flora of VA
2012,AUG,veg,12,12X,X,,,"12X COM: some of NUPLUT stems broken off, some senesced; AMACAN at far end, but not in study plot; POLHYD in excl, but  not study plot"
2013,JUN,veg,1,1C,C,BARE,100,
2013,JUN,veg,1,1C,C,DET,0.5,
2013,JUN,veg,1,1X,X,ZIZAQU,11,
2013,JUN,veg,1,1X,X,PONCOR,75,
2013,JUN,veg,1,1X,X,PELVIR,10,
2013,JUN,veg,1,1X,X,PERPUN,9,
2013,JUN,veg,1,1X,X,MURKEI,0.5,
2013,JUN,veg,1,1X,X,BIDCON,0.5,
2013,JUN,veg,1,1X,X,LEEORY,3,
2013,JUN,veg,1,1X,X,ECHSPP,7,"can't locate any specimens from 1X, therefore going with spp"
2013,JUN,veg,1,1X,X,BARE,2,
2013,JUN,veg,1,1X,X,DET,1,
2013,JUN,veg,1,1X,X,TRASH,1,
2013,JUN,veg,2,2C,C,BARE,100,
2013,JUN,veg,2,2C,C,DET,0.5,
2013,JUN,veg,2,2X,X,BARE,2,
2013,JUN,veg,2,2X,X,DET,1,
2013,JUN,veg,2,2X,X,TRASH,2,
2013,JUN,veg,2,2X,X,ZIZAQU,5,
2013,JUN,veg,2,2X,X,PONCOR,95,
2013,JUN,veg,2,2X,X,BIDFRO,0.5,
2013,JUN,veg,2,2X,X,BIDLAE,3,
2013,JUN,veg,2,2X,X,LEEORY,0.1,
2013,JUN,veg,2,2X,X,PERPUN,10,
2013,JUN,veg,2,2X,X,,,2X Comment: large clump of flowering SCHTAB in exclosure but outside of study plot
2013,JUN,veg,3,3C,C,BARE,98,
2013,JUN,veg,3,3C,C,DET,0.5,
2013,JUN,veg,3,3C,C,NUPADV,2,changed from NUPLUT to NUPADV based on Flora of VA
2013,JUN,veg,3,3X,X,BARE,9,
2013,JUN,veg,3,3X,X,DET,1,
2013,JUN,veg,3,3X,X,TRASH,0.5,
2013,JUN,veg,3,3X,X,ZIZAQU,8,
2013,JUN,veg,3,3X,X,PONCOR,50,
2013,JUN,veg,3,3X,X,PELVIR,15,
2013,JUN,veg,3,3X,X,TYPLAT,12,
2013,JUN,veg,3,3X,X,BIDCON,1,
2013,JUN,veg,3,3X,X,BIDFRO,0.5,
2013,JUN,veg,3,3X,X,PERPUN,5,most of the larger plants had thumbprints; went with POLPUN based on aug14
2013,JUN,veg,3,3X,X,MURKEI,2,
2013,JUN,veg,3,3X,X,SAGLAT,0.1,
2013,JUN,veg,3,3X,X,ECHMUR,4,reviewed specimen 24oct19
2013,JUN,veg,3,3X,X,,,"3X Comment: no herbivory inside exclosure, only outside edge"
2013,JUN,veg,4,4C,C,BARE,99,
2013,JUN,veg,4,4C,C,DET,1,
2013,JUN,veg,4,4X,X,BARE,4,
2013,JUN,veg,4,4X,X,DET,5,
2013,JUN,veg,4,4X,X,TRASH,0.1,
2013,JUN,veg,4,4X,X,ZIZAQU,5,
2013,JUN,veg,4,4X,X,PONCOR,80,
2013,JUN,veg,4,4X,X,LEEORY,12,
2013,JUN,veg,4,4X,X,PERPUN,8,
2013,JUN,veg,4,4X,X,BIDLAE,2,
2013,JUN,veg,4,4X,X,MURKEI,1,
2013,JUN,veg,4,4X,X,PELVIR,5,
2013,JUN,veg,4,4X,X,ECHSPP,0.5,"can't locate any specimens from 4X, therefore going with spp"
2013,JUN,veg,4,4X,X,,,"4X Comment:  no browse noted in interior of exclosure, only along edges"
2013,JUN,veg,7,7C,C,DET,1,
2013,JUN,veg,7,7C,C,PELVIR,100,
2013,JUN,veg,7,7X,X,BARE,3,
2013,JUN,veg,7,7X,X,DET,1,
2013,JUN,veg,7,7X,X,PONCOR,15,
2013,JUN,veg,7,7X,X,PELVIR,95,
2013,JUN,veg,7,7X,X,ZIZAQU,1,
2013,JUN,veg,8,8C,C,BARE,5,
2013,JUN,veg,8,8C,C,DET,0.5,
2013,JUN,veg,8,8C,C,PELVIR,95,
2013,JUN,veg,8,8C,C,,,"8C Comment: some of PELVIR battened down, maybe 1 stem nipped off; a lot of stems nipped off in swatch between M7 & M8"
2013,JUN,veg,8,8X,X,DET,1,
2013,JUN,veg,8,8X,X,PELVIR,100,
2013,JUN,veg,8,8X,X,,,"8X Comment: PELVIR battened down, but no herbivory inside exclosure"
2013,JUN,veg,11,11C,C,BARE,45,
2013,JUN,veg,11,11C,C,DET,0.5,
2013,JUN,veg,11,11C,C,NUPADV,55,changed from NUPLUT to NUPADV based on Flora of VA
2013,JUN,veg,11,11C,C,,,11C Comment: includes at least 4 NUPLUT seedlings 
2013,JUN,veg,11,11X,X,DET,1,
2013,JUN,veg,11,11X,X,PONCOR,98,
2013,JUN,veg,11,11X,X,PELVIR,11,
2013,JUN,veg,11,11X,X,PERPUN,19,
2013,JUN,veg,11,11X,X,AMACAN,2,
2013,JUN,veg,12,12C,C,BARE,9,
2013,JUN,veg,12,12C,C,DET,2,
2013,JUN,veg,12,12C,C,TRASH,2,
2013,JUN,veg,12,12C,C,NUPADV,90,changed from NUPLUT to NUPADV based on Flora of VA
2013,JUN,veg,12,12X,X,BARE,12,
2013,JUN,veg,12,12X,X,DET,2,
2013,JUN,veg,12,12X,X,PONCOR,35,
2013,JUN,veg,12,12X,X,PELVIR,30,
2013,JUN,veg,12,12X,X,NUPADV,15,changed from NUPLUT to NUPADV based on Flora of VA
2013,JUN,veg,12,12X,X,AMACAN,8,
2013,JUN,veg,12,12X,X,ZIZAQU,0.1,
2013,JUN,veg,12,12X,X,LEEORY,1,
2013,JUN,veg,12,12X,X,ACERUB,1,
2013,JUN,veg,12,12X,X,PERPUN,25,
2013,AUG,veg,1,1C,C,BARE,99,
2013,AUG,veg,1,1C,C,DET,1,
2013,AUG,veg,1,1X,X,BARE,3,
2013,AUG,veg,1,1X,X,DET,2,
2013,AUG,veg,1,1X,X,ZIZAQU,55,
2013,AUG,veg,1,1X,X,AMACAN,20,
2013,AUG,veg,1,1X,X,PERPUN,10,
2013,AUG,veg,1,1X,X,PELVIR,7,
2013,AUG,veg,1,1X,X,ECHSPP,10,"can't locate any specimens from 1X, therefore going with spp"
2013,AUG,veg,1,1X,X,PONCOR,40,
2013,AUG,veg,1,1X,X,LEEORY,2,
2013,AUG,veg,2,2C,C,BARE,98,
2013,AUG,veg,2,2C,C,DET,2,
2013,AUG,veg,2,2X,X,BARE,1,
2013,AUG,veg,2,2X,X,DET,2,
2013,AUG,veg,2,2X,X,ZIZAQU,30,
2013,AUG,veg,2,2X,X,PONCOR,80,
2013,AUG,veg,2,2X,X,BIDLAE,3,
2013,AUG,veg,2,2X,X,PERPUN,7,
2013,AUG,veg,2,2X,X,AMACAN,4,
2013,AUG,veg,2,2X,X,,,"2X Comment: SCHTAB in exclosure, but outside of study plot"
2013,AUG,veg,3,3C,C,BARE,93,
2013,AUG,veg,3,3C,C,DET,2,
2013,AUG,veg,3,3C,C,TRASH,0.1,
2013,AUG,veg,3,3C,C,NUPADV,5,changed from NUPLUT to NUPADV based on Flora of VA
2013,AUG,veg,3,3X,X,ECHMUR,1,orig recorded as ECHWAL?- long awns- collected specimen; 
2013,AUG,veg,3,3X,X,DET,2,
2013,AUG,veg,3,3X,X,TRASH,0.5,
2013,AUG,veg,3,3X,X,ZIZAQU,95,
2013,AUG,veg,3,3X,X,SAGLAT,6,
2013,AUG,veg,3,3X,X,PERPUN,8,no longer showing signs of thumbprints seen in June
2013,AUG,veg,3,3X,X,PELVIR,2,
2013,AUG,veg,3,3X,X,PONCOR,10,
2013,AUG,veg,3,3X,X,TYPLAT,10,
2013,AUG,veg,4,4C,C,BARE,98,
2013,AUG,veg,4,4C,C,DET,2,
2013,AUG,veg,4,4X,X,BARE,1,
2013,AUG,veg,4,4X,X,DET,2,
2013,AUG,veg,4,4X,X,ZIZAQU,40,
2013,AUG,veg,4,4X,X,PELVIR,4,
2013,AUG,veg,4,4X,X,LEEORY,14,
2013,AUG,veg,4,4X,X,ECHSPP,2,"can't locate any specimens from 4X, therefore going with spp"
2013,AUG,veg,4,4X,X,PERPUN,6,
2013,AUG,veg,4,4X,X,BIDLAE,1,
2013,AUG,veg,4,4X,X,PONCOR,45,
2013,AUG,veg,4,4X,X,AMACAN,1,
2013,AUG,veg,4,4X,X,BIDCON,0.5,
2013,AUG,veg,4,4X,X,MURKEI,1,
2013,AUG,veg,7,7C,C,BARE,9,
2013,AUG,veg,7,7C,C,DET,1,
2013,AUG,veg,7,7C,C,PELVIR,90,
2013,AUG,veg,7,7X,X,BARE,5,
2013,AUG,veg,7,7X,X,DET,1,
2013,AUG,veg,7,7X,X,PELVIR,95,
2013,AUG,veg,7,7X,X,PONCOR,9,
2013,AUG,veg,7,7X,X,ZIZAQU,2,
2013,AUG,veg,8,8C,C,BARE,5,
2013,AUG,veg,8,8C,C,DET,1,
2013,AUG,veg,8,8C,C,ZIZAQU,2,
2013,AUG,veg,8,8C,C,PELVIR,95,
2013,AUG,veg,8,8X,X,BARE,2,
2013,AUG,veg,8,8X,X,DET,1,
2013,AUG,veg,8,8X,X,PELVIR,98,
2013,AUG,veg,8,8X,X,ZIZAQU,2,
2013,AUG,veg,8,8X,X,,,8X Comment: short pole was in odd location- used long pole and fence to orient new location
2013,AUG,veg,11,11C,C,BARE,55,
2013,AUG,veg,11,11C,C,DET,0.5,
2013,AUG,veg,11,11C,C,NUPADV,45,changed from NUPLUT to NUPADV based on Flora of VA
2013,AUG,veg,11,11X,X,BARE,3,
2013,AUG,veg,11,11X,X,DET,2,
2013,AUG,veg,11,11X,X,PONCOR,95,
2013,AUG,veg,11,11X,X,PERPUN,4,
2013,AUG,veg,11,11X,X,AMACAN,6,
2013,AUG,veg,12,12C,C,BARE,25,
2013,AUG,veg,12,12C,C,DET,0.5,
2013,AUG,veg,12,12C,C,TRASH,3,
2013,AUG,veg,12,12C,C,NUPADV,70,changed from NUPLUT to NUPADV based on Flora of VA
2013,AUG,veg,12,12X,X,BARE,8,
2013,AUG,veg,12,12X,X,DET,1,
2013,AUG,veg,12,12X,X,PONCOR,30,
2013,AUG,veg,12,12X,X,NUPADV,3,changed from NUPLUT to NUPADV based on Flora of VA
2013,AUG,veg,12,12X,X,PERPUN,10,
2013,AUG,veg,12,12X,X,AMACAN,2,
2013,AUG,veg,12,12X,X,PELVIR,50,
2014,JUN,veg,1,1C,C,BARE,98,
2014,JUN,veg,1,1C,C,DET,1,
2014,JUN,veg,1,1C,C,NUPADV,0.5,seedlings; changed from NUPLUT to NUPADV based on Flora of VA
2014,JUN,veg,1,1C,C,ZIZAQU,1,browsed
2014,JUN,veg,1,1X,X,BARE,10,
2014,JUN,veg,1,1X,X,DET,9,
2014,JUN,veg,1,1X,X,AMACAN,30,
2014,JUN,veg,1,1X,X,PERPUN,5,
2014,JUN,veg,1,1X,X,BIDLAE,7,
2014,JUN,veg,1,1X,X,BIDCON,0.5,
2014,JUN,veg,1,1X,X,PONCOR,60,
2014,JUN,veg,1,1X,X,PELVIR,10,
2014,JUN,veg,1,1X,X,ZIZAQU,10,
2014,JUN,veg,1,1X,X,BIDFRO,0.1,
2014,JUN,veg,1,1X,X,LEEORY,5,
2014,JUN,veg,1,1X,X,ECHSPP,2,"can't locate any specimens from 1X, therefore going with spp"
2014,JUN,veg,1,1X,X,,,"1X Comment: ECHCRU has silvery midrib from above, ZIZAQU chartreuse; ZIZAQU midrib more pronounced"
2014,JUN,veg,2,2C,C,BARE,100,
2014,JUN,veg,2,2C,C,DET,0.5,
2014,JUN,veg,2,2C,C,,,"2C Comment: short pole was lying on ground, we reinstalled"
2014,JUN,veg,2,2X,X,BARE,8,
2014,JUN,veg,2,2X,X,DET,11,
2014,JUN,veg,2,2X,X,PONCOR,75,
2014,JUN,veg,2,2X,X,BIDLAE,8,
2014,JUN,veg,2,2X,X,PERPUN,1,
2014,JUN,veg,2,2X,X,AMACAN,0.5,
2014,JUN,veg,2,2X,X,ZIZAQU,4,
2014,JUN,veg,2,2X,X,,,"2X Comment: SCHTAB in exclosure, but outside of study plot"
2014,JUN,veg,3,3C,C,BARE,96,
2014,JUN,veg,3,3C,C,DET,1,
2014,JUN,veg,3,3X,X,NUPADV,3,changed from NUPLUT to NUPADV based on Flora of VA
2014,JUN,veg,3,3X,X,BARE,5,
2014,JUN,veg,3,3X,X,DET,50,
2014,JUN,veg,3,3X,X,TRASH,1,
2014,JUN,veg,3,3X,X,TYPLAT,45,
2014,JUN,veg,3,3X,X,SAGLAT,11,
2014,JUN,veg,3,3X,X,PELVIR,10,
2014,JUN,veg,3,3X,X,LEEORY,1,
2014,JUN,veg,3,3X,X,PONCOR,1,
2014,JUN,veg,3,3X,X,,,"3X Comment: some ZIZAQU in exclosure, but outside of study plot; some ZIZAQU nibbled"
2014,JUN,veg,4,4C,C,BARE,100,4C Comment: control & exclosure data reversed on orig data sheet
2014,JUN,veg,4,4C,C,ZIZAQU,0.1,
2014,JUN,veg,4,4X,X,BARE,15,
2014,JUN,veg,4,4X,X,DET,13,
2014,JUN,veg,4,4X,X,TRASH,0.5,
2014,JUN,veg,4,4X,X,ZIZAQU,7,
2014,JUN,veg,4,4X,X,PELVIR,9,
2014,JUN,veg,4,4X,X,PONCOR,50,
2014,JUN,veg,4,4X,X,LEEORY,30,
2014,JUN,veg,4,4X,X,BIDLAE,2,
2014,JUN,veg,4,4X,X,TYPANG,1,
2014,JUN,veg,4,4X,X,,,4X Comment:  browse only along edges; control & exclosure data reversed on orig data sheet 
2014,JUN,veg,7,7C,C,BARE,5,
2014,JUN,veg,7,7C,C,DET,0.5,
2014,JUN,veg,7,7C,C,PELVIR,95,
2014,JUN,veg,7,7C,C,ZIZAQU,1,
2014,JUN,veg,7,7X,X,DET,0.5,
2014,JUN,veg,7,7X,X,PELVIR,100,
2014,JUN,veg,7,7X,X,PONCOR,8,
2014,JUN,veg,8,8C,C,BARE,15,
2014,JUN,veg,8,8C,C,DET,1,
2014,JUN,veg,8,8C,C,PELVIR,85,
2014,JUN,veg,8,8C,C,ZIZAQU,0.5,
2014,JUN,veg,8,8X,X,DET,0.5,
2014,JUN,veg,8,8X,X,TRASH,1,
2014,JUN,veg,8,8X,X,PELVIR,100,
2014,JUN,veg,8,8X,X,ZIZAQU,1,
2014,JUN,veg,8,8X,X,,,8X Comment: moved short pole to align better with sides
2014,JUN,veg,11,11C,C,BARE,20,
2014,JUN,veg,11,11C,C,DET,1,
2014,JUN,veg,11,11C,C,NUPADV,80,changed from NUPLUT to NUPADV based on Flora of VA
2014,JUN,veg,11,11X,X,BARE,10,
2014,JUN,veg,11,11X,X,DET,1,
2014,JUN,veg,11,11X,X,PELVIR,70,
2014,JUN,veg,11,11X,X,PONCOR,7,
2014,JUN,veg,11,11X,X,ZIZAQU,2,
2014,JUN,veg,11,11X,X,AMACAN,9,
2014,JUN,veg,11,11X,X,PERPUN,11,
2014,JUN,veg,11,11X,X,TYPSPP,5,changed from TYPLAT to TYPSPP ck 23aug17
2014,JUN,veg,11,11X,X,WOOD,2,
2014,JUN,veg,12,12C,C,BARE,25,
2014,JUN,veg,12,12C,C,DET,1,
2014,JUN,veg,12,12C,C,TRASH,3,
2014,JUN,veg,12,12C,C,NUPADV,85,changed from NUPLUT to NUPADV based on Flora of VA
2014,JUN,veg,12,12C,C,,,"12C Comment: some NUPLUT stems clipped off, browsed, in study plot and beyond"
2014,JUN,veg,12,12X,X,BARE,6,
2014,JUN,veg,12,12X,X,DET,2,
2014,JUN,veg,12,12X,X,NUPADV,11,changed from NUPLUT to NUPADV based on Flora of VA
2014,JUN,veg,12,12X,X,PELVIR,65,
2014,JUN,veg,12,12X,X,PONCOR,20,
2014,JUN,veg,12,12X,X,BIDLAE,3,
2014,JUN,veg,12,12X,X,AMACAN,0.5,
2014,JUN,veg,12,12X,X,TYPSPP,0.1,seedling; changed from TYPLAT to TYPSPP ck 23aug17
2014,JUN,veg,12,12X,X,,,12X Comment: not much detritus- looks scoured out
2014,AUG,veg,1,1C,C,BARE,95,
2014,AUG,veg,1,1C,C,NUPADV,2,changed from NUPLUT to NUPADV based on Flora of VA
2014,AUG,veg,1,1C,C,WOOD,3,
2014,AUG,veg,1,1X,X,DET,10,
2014,AUG,veg,1,1X,X,ZIZAQU,10,
2014,AUG,veg,1,1X,X,PELVIR,15,
2014,AUG,veg,1,1X,X,PERPUN,5,
2014,AUG,veg,1,1X,X,BIDLAE,35,
2014,AUG,veg,1,1X,X,PONCOR,40,
2014,AUG,veg,1,1X,X,ECHSPP,3,"can't locate any specimens from 1X, therefore going with spp"
2014,AUG,veg,1,1X,X,AMACAN,4,
2014,AUG,veg,1,1X,X,LEEORY,13,
2014,AUG,veg,2,2C,C,BARE,99,
2014,AUG,veg,2,2C,C,DET,0.1,
2014,AUG,veg,2,2C,C,WOOD,1,
2014,AUG,veg,2,2X,X,DET,6,
2014,AUG,veg,2,2X,X,ZIZAQU,8,
2014,AUG,veg,2,2X,X,PONCOR,85,
2014,AUG,veg,2,2X,X,AMACAN,2,
2014,AUG,veg,2,2X,X,SCHTAB,0.5,
2014,AUG,veg,2,2X,X,BIDLAE,11,
2014,AUG,veg,2,2X,X,PERPUN,5,
2014,AUG,veg,3,3C,C,BARE,93,
2014,AUG,veg,3,3C,C,DET,0.1,
2014,AUG,veg,3,3C,C,NUPADV,7,changed from NUPLUT to NUPADV based on Flora of VA
2014,AUG,veg,3,3X,X,DET,5,
2014,AUG,veg,3,3X,X,SAGLAT,85,
2014,AUG,veg,3,3X,X,TYPLAT,25,
2014,AUG,veg,3,3X,X,ZIZAQU,5,
2014,AUG,veg,3,3X,X,LEEORY,3,
2014,AUG,veg,3,3X,X,PELVIR,4,
2014,AUG,veg,3,3X,X,PONCOR,0.5,
2014,AUG,veg,4,4C,C,BARE,95,
2014,AUG,veg,4,4C,C,DET,0.5,
2014,AUG,veg,4,4C,C,WOOD,6,
2014,AUG,veg,4,4C,C,ECLPRO,0.1,"recorded as PENSED? Initially, on log that may float away- have realized subsequently that it was ECLPRO"
2014,AUG,veg,4,4X,X,DET,5,
2014,AUG,veg,4,4X,X,LEEORY,50,
2014,AUG,veg,4,4X,X,PONCOR,60,
2014,AUG,veg,4,4X,X,PELVIR,6,
2014,AUG,veg,4,4X,X,BIDLAE,1,
2014,AUG,veg,4,4X,X,ZIZAQU,20,
2014,AUG,veg,7,7C,C,BARE,15,
2014,AUG,veg,7,7C,C,ZIZAQU,10,
2014,AUG,veg,7,7C,C,PELVIR,85,
2014,AUG,veg,7,7X,X,BARE,20,
2014,AUG,veg,7,7X,X,ZIZAQU,5,has died back
2014,AUG,veg,7,7X,X,PELVIR,65,
2014,AUG,veg,7,7X,X,PONCOR,15,
2014,AUG,veg,8,8C,C,BARE,15,
2014,AUG,veg,8,8C,C,PELVIR,85,
2014,AUG,veg,8,8X,X,BARE,10,
2014,AUG,veg,8,8X,X,ZIZAQU,3,
2014,AUG,veg,8,8X,X,PELVIR,90,
2014,AUG,veg,11,11C,C,BARE,25,
2014,AUG,veg,11,11C,C,DET,4,
2014,AUG,veg,11,11C,C,NUPADV,75,changed from NUPLUT to NUPADV based on Flora of VA
2014,AUG,veg,11,11C,C,FEATHR,0.1,
2014,AUG,veg,11,11X,X,BARE,4,
2014,AUG,veg,11,11X,X,DET,6,
2014,AUG,veg,11,11X,X,PELVIR,35,
2014,AUG,veg,11,11X,X,ZIZAQU,25,
2014,AUG,veg,11,11X,X,PONCOR,80,
2014,AUG,veg,11,11X,X,AMACAN,20,
2014,AUG,veg,11,11X,X,PERPUN,15,
2014,AUG,veg,11,11X,X,ECHMUR,2,reviewed specimen 24oct19
2014,AUG,veg,12,12C,C,BARE,45,
2014,AUG,veg,12,12C,C,DET,4,
2014,AUG,veg,12,12C,C,NUPADV,50,NUPLUT looks browsed by geese as well as eaten by Garicella beetle; changed from NUPLUT to NUPADV based on Flora of VA
2014,AUG,veg,12,12X,X,BIDLAE,20,
2014,AUG,veg,12,12X,X,PERPUN,2,
2014,AUG,veg,12,12X,X,PELVIR,35,
2014,AUG,veg,12,12X,X,PONCOR,50,
2014,AUG,veg,12,12X,X,NUPADV,8,changed from NUPLUT to NUPADV based on Flora of VA
2015,JUN,veg,1,1C,C,BARE,85,
2015,JUN,veg,1,1C,C,DET,1,
2015,JUN,veg,1,1C,C,NUPADV,15,changed from NUPLUT to NUPADV based on Flora of VA
2015,JUN,veg,1,1C,C,PONCOR,0.5,seedlings
2015,JUN,veg,1,1X,X,DET,10,
2015,JUN,veg,1,1X,X,PELVIR,15,
2015,JUN,veg,1,1X,X,PONCOR,30,
2015,JUN,veg,1,1X,X,BIDLAE,50,
2015,JUN,veg,1,1X,X,LEEORY,30,
2015,JUN,veg,1,1X,X,PERPUN,10,
2015,JUN,veg,1,1X,X,IMPCAP,0.5,
2015,JUN,veg,1,1X,X,AMACAN,0.5,
2015,JUN,veg,2,2C,C,BARE,95,
2015,JUN,veg,2,2C,C,DET,1,
2015,JUN,veg,2,2C,C,TRASH,0.5,
2015,JUN,veg,2,2C,C,WOOD,2,
2015,JUN,veg,2,2C,C,PONCOR,0.5,seedlings
2015,JUN,veg,2,2C,C,ZIZAQU,0.5,seedlings
2015,JUN,veg,2,2C,C,LINDUB,0.5,seedlings
2015,JUN,veg,2,2X,X,DET,20,
2015,JUN,veg,2,2X,X,TRASH,0.5,
2015,JUN,veg,2,2X,X,ZIZAQU,1,
2015,JUN,veg,2,2X,X,BIDLAE,25,
2015,JUN,veg,2,2X,X,PONCOR,80,
2015,JUN,veg,2,2X,X,SCHTAB,1,
2015,JUN,veg,2,2X,X,AMACAN,2,
2015,JUN,veg,2,2X,X,PERPUN,7,
2015,JUN,veg,3,3C,C,BARE,75,
2015,JUN,veg,3,3C,C,DET,2,
2015,JUN,veg,3,3C,C,TRASH,0.5,
2015,JUN,veg,3,3C,C,NUPADV,20,changed from NUPLUT to NUPADV based on Flora of VA
2015,JUN,veg,3,3C,C,PONCOR,1,seedlings
2015,JUN,veg,3,3C,C,ZIZAQU,0.5,
2015,JUN,veg,3,3C,C,LINDUB,0.5,
2015,JUN,veg,3,3X,X,DET,35,
2015,JUN,veg,3,3X,X,TRASH,0.5,
2015,JUN,veg,3,3X,X,TYPLAT,20,
2015,JUN,veg,3,3X,X,SAGLAT,75,
2015,JUN,veg,3,3X,X,PELVIR,20,
2015,JUN,veg,3,3X,X,PONCOR,1,
2015,JUN,veg,3,3X,X,BIDLAE,1,
2015,JUN,veg,3,3X,X,AMACAN,7,
2015,JUN,veg,3,3X,X,MURKEI,0.5,
2015,JUN,veg,3,3X,X,LEEORY,0.5,
2015,JUN,veg,3,3X,X,ZIZAQU,6,
2015,JUN,veg,3,3X,X,PERPUN,1,
2015,JUN,veg,3,3X,X,,,3X Comment: some herbivory inside exclosure along edges
2015,JUN,veg,4,4C,C,BARE,95,
2015,JUN,veg,4,4C,C,DET,1,
2015,JUN,veg,4,4C,C,ZIZAQU,0.5,
2015,JUN,veg,4,4C,C,WOOD,3,
2015,JUN,veg,4,4C,C,PONCOR,1,seedlings
2015,JUN,veg,4,4X,X,BARE,1,
2015,JUN,veg,4,4X,X,DET,11,
2015,JUN,veg,4,4X,X,TRASH,6,
2015,JUN,veg,4,4X,X,TYPANG,10,
2015,JUN,veg,4,4X,X,PELVIR,25,
2015,JUN,veg,4,4X,X,PONCOR,30,
2015,JUN,veg,4,4X,X,LEEORY,15,
2015,JUN,veg,4,4X,X,BIDLAE,4,
2015,JUN,veg,4,4X,X,PERPUN,4,
2015,JUN,veg,4,4X,X,ZIZAQU,4,
2015,JUN,veg,4,4X,X,AMACAN,1,
2015,JUN,veg,4,4X,X,,,4X Comments: some herbivory inside on edge probably due to fence being pushed in by the tide
2015,JUN,veg,7,7C,C,PELVIR,100,
2015,JUN,veg,7,7X,X,DET,10,
2015,JUN,veg,7,7X,X,PONCOR,20,
2015,JUN,veg,7,7X,X,PELVIR,95,
2015,JUN,veg,8,8C,C,PELVIR,100,
2015,JUN,veg,8,8X,X,BARE,1,
2015,JUN,veg,8,8X,X,DET,2,
2015,JUN,veg,8,8X,X,PELVIR,99,
2015,JUN,veg,11,11C,C,BARE,5,
2015,JUN,veg,11,11C,C,DET,4,
2015,JUN,veg,11,11C,C,PERPUN,0.5,
2015,JUN,veg,11,11C,C,ZIZAQU,0.5,
2015,JUN,veg,11,11C,C,PONCOR,0.1,seedlings
2015,JUN,veg,11,11C,C,NUPADV,95,changed from NUPLUT to NUPADV based on Flora of VA
2015,JUN,veg,11,11X,X,BARE,1,
2015,JUN,veg,11,11X,X,DET,30,
2015,JUN,veg,11,11X,X,PELVIR,75,
2015,JUN,veg,11,11X,X,PONCOR,30,
2015,JUN,veg,11,11X,X,IMPCAP,3,
2015,JUN,veg,11,11X,X,ZIZAQU,2,
2015,JUN,veg,11,11X,X,AMACAN,8,
2015,JUN,veg,11,11X,X,PERPUN,20,
2015,JUN,veg,12,12C,C,BARE,5,
2015,JUN,veg,12,12C,C,DET,4,
2015,JUN,veg,12,12C,C,TRASH,1,
2015,JUN,veg,12,12C,C,NUPADV,95,changed from NUPLUT to NUPADV based on Flora of VA
2015,JUN,veg,12,12C,C,PONCOR,1,seedlings
2015,JUN,veg,12,12C,C,ACERUB,0.1,
2015,JUN,veg,12,12X,X,BARE,1,
2015,JUN,veg,12,12X,X,DET,20,
2015,JUN,veg,12,12X,X,NUPADV,8,changed from NUPLUT to NUPADV based on Flora of VA
2015,JUN,veg,12,12X,X,PELVIR,75,
2015,JUN,veg,12,12X,X,PONCOR,30,
2015,JUN,veg,12,12X,X,IMPCAP,2,
2015,JUN,veg,12,12X,X,AMACAN,2,
2015,JUN,veg,12,12X,X,BIDLAE,8,
2015,JUN,veg,12,12X,X,PERSAG,0.5,
2015,JUN,veg,12,12X,X,PERPUN,4,
2015,AUG,veg,1,1C,C,BARE,65,
2015,AUG,veg,1,1C,C,DET,1,
2015,AUG,veg,1,1C,C,TRASH,0.5,
2015,AUG,veg,1,1C,C,NUPADV,35,changed from NUPLUT to NUPADV based on Flora of VA
2015,AUG,veg,1,1X,X,DET,35,
2015,AUG,veg,1,1X,X,ZIZAQU,8,
2015,AUG,veg,1,1X,X,ECHSPP,1,"can't locate any specimens from 1X, therefore going with spp"
2015,AUG,veg,1,1X,X,AMACAN,8,
2015,AUG,veg,1,1X,X,PERPUN,35,
2015,AUG,veg,1,1X,X,PELVIR,12,
2015,AUG,veg,1,1X,X,BIDLAE,40,
2015,AUG,veg,1,1X,X,PONCOR,10,
2015,AUG,veg,1,1X,X,LEEORY,15,
2015,AUG,veg,2,2C,C,BARE,100,
2015,AUG,veg,2,2C,C,DET,0.1,
2015,AUG,veg,2,2C,C,TRASH,0.1,
2015,AUG,veg,2,2X,X,DET,35,
2015,AUG,veg,2,2X,X,ZIZAQU,4,
2015,AUG,veg,2,2X,X,AMACAN,7,
2015,AUG,veg,2,2X,X,BIDLAE,70,
2015,AUG,veg,2,2X,X,PONCOR,60,
2015,AUG,veg,2,2X,X,PERPUN,12,
2015,AUG,veg,2,2X,X,SCHTAB,0.5,
2015,AUG,veg,3,3C,C,BARE,82,
2015,AUG,veg,3,3C,C,DET,1,
2015,AUG,veg,3,3C,C,TRASH,0.5,
2015,AUG,veg,3,3C,C,PERPUN,1,"split PERSPP into 2 spp based on 9/3/15 field visit, more advanced ck 12nov15"
2015,AUG,veg,3,3C,C,PERHYD,1,"split PERSPP into 2 spp based on 9/3/15 field visit, more advanced ck 12nov15"
2015,AUG,veg,3,3C,C,NUPADV,15,changed from NUPLUT to NUPADV based on Flora of VA
2015,AUG,veg,3,3X,X,DET,25,
2015,AUG,veg,3,3X,X,AMACAN,65,
2015,AUG,veg,3,3X,X,SAGLAT,75,
2015,AUG,veg,3,3X,X,ZIZAQU,7,
2015,AUG,veg,3,3X,X,PERPUN,4,
2015,AUG,veg,3,3X,X,LEEORY,4,
2015,AUG,veg,3,3X,X,TYPLAT,10,
2015,AUG,veg,3,3X,X,BIDLAE,0.5,
2015,AUG,veg,3,3X,X,PELVIR,16,
2015,AUG,veg,4,4C,C,BARE,99,
2015,AUG,veg,4,4C,C,DET,0.5,
2015,AUG,veg,4,4C,C,TRASH,0.1,
2015,AUG,veg,4,4C,C,PERPUN,0.5,"changed from PERSPP to PERPUN based on 9/3/15 field visit, plants more advanced ck 12nov15"
2015,AUG,veg,4,4X,X,DET,30,
2015,AUG,veg,4,4X,X,ZIZAQU,20,
2015,AUG,veg,4,4X,X,PONCOR,45,
2015,AUG,veg,4,4X,X,LEEORY,30,
2015,AUG,veg,4,4X,X,PERPUN,6,
2015,AUG,veg,4,4X,X,TYPANG,8,
2015,AUG,veg,4,4X,X,AMACAN,6,
2015,AUG,veg,4,4X,X,PELVIR,8,
2015,AUG,veg,4,4X,X,BIDLAE,12,
2015,AUG,veg,7,7C,C,BARE,3,
2015,AUG,veg,7,7C,C,DET,2,
2015,AUG,veg,7,7C,C,PELVIR,97,
2015,AUG,veg,7,7C,C,ZIZAQU,1,
2015,AUG,veg,7,7X,X,BARE,2,
2015,AUG,veg,7,7X,X,DET,15,
2015,AUG,veg,7,7X,X,PELVIR,80,
2015,AUG,veg,7,7X,X,PONCOR,10,
2015,AUG,veg,8,8C,C,BARE,14,
2015,AUG,veg,8,8C,C,DET,3,
2015,AUG,veg,8,8C,C,PELVIR,85,
2015,AUG,veg,8,8X,X,BARE,4,
2015,AUG,veg,8,8X,X,DET,4,
2015,AUG,veg,8,8X,X,PELVIR,95,
2015,AUG,veg,11,11C,C,BARE,10,
2015,AUG,veg,11,11C,C,DET,5,
2015,AUG,veg,11,11C,C,TRASH,0.5,
2015,AUG,veg,11,11C,C,PERPUN,5,
2015,AUG,veg,11,11C,C,NUPADV,85,changed from NUPLUT to NUPADV based on Flora of VA
2015,AUG,veg,11,11X,X,DET,20,
2015,AUG,veg,11,11X,X,ZIZAQU,2,
2015,AUG,veg,11,11X,X,PELVIR,30,
2015,AUG,veg,11,11X,X,BIDLAE,2,
2015,AUG,veg,11,11X,X,PONCOR,30,
2015,AUG,veg,11,11X,X,PERPUN,25,
2015,AUG,veg,11,11X,X,IMPCAP,0.5,
2015,AUG,veg,11,11X,X,AMACAN,1,
2015,AUG,veg,12,12C,C,BARE,15,
2015,AUG,veg,12,12C,C,DET,4,
2015,AUG,veg,12,12C,C,TRASH,1,
2015,AUG,veg,12,12C,C,NUPADV,80,changed from NUPLUT to NUPADV based on Flora of VA
2015,AUG,veg,12,12X,X,BARE,2,
2015,AUG,veg,12,12X,X,DET,15,
2015,AUG,veg,12,12X,X,AMACAN,25,
2015,AUG,veg,12,12X,X,PELVIR,50,
2015,AUG,veg,12,12X,X,NUPADV,5,changed from NUPLUT to NUPADV based on Flora of VA
2015,AUG,veg,12,12X,X,PONCOR,15,
2015,AUG,veg,12,12X,X,PERPUN,10,
2015,AUG,veg,12,12X,X,BIDLAE,4,